Time,X,Y,Z
1.73444e+09,-14.0554,-4.00012,-1.98413
1.73444e+09,-14.0554,-4.00012,-1.98413
1.73444e+09,-14.0554,-4.00012,-1.98413
1.73444e+09,-14.0554,-4.00012,-1.98413
1.73444e+09,-14.0554,-4.00012,-1.98413
1.73444e+09,-14.0554,-4.00012,-1.98413
1.73444e+09,-14.0554,-4.00012,-1.98413
1.73444e+09,-14.0554,-4.00012,-1.98413
1.73444e+09,-14.0554,-4.00012,-1.98413
1.73444e+09,-14.0549,-4.00012,-1.98407
1.73444e+09,-14.0491,-4.0001,-1.98349
1.73444e+09,-14.0371,-4.00006,-1.98227
1.73444e+09,-14.0189,-4.00001,-1.98042
1.73444e+09,-13.995,-3.99994,-1.97799
1.73444e+09,-13.9701,-3.99986,-1.97545
1.73444e+09,-13.9453,-3.99979,-1.97289
1.73444e+09,-13.9204,-3.99971,-1.97029
1.73444e+09,-13.8955,-3.99964,-1.96768
1.73444e+09,-13.8707,-3.99957,-1.96507
1.73444e+09,-13.8458,-3.99949,-1.96243
1.73444e+09,-13.8209,-3.99942,-1.95975
1.73444e+09,-13.7961,-3.99935,-1.95707
1.73444e+09,-13.7712,-3.99928,-1.95438
1.73444e+09,-13.7464,-3.99921,-1.95167
1.73444e+09,-13.7216,-3.99913,-1.94891
1.73444e+09,-13.6967,-3.99906,-1.94615
1.73444e+09,-13.6719,-3.99899,-1.94337
1.73444e+09,-13.647,-3.99892,-1.94059
1.73444e+09,-13.6222,-3.99885,-1.93775
1.73444e+09,-13.5974,-3.99878,-1.9349
1.73444e+09,-13.5725,-3.99872,-1.93205
1.73444e+09,-13.5477,-3.99865,-1.92919
1.73444e+09,-13.5229,-3.99858,-1.92627
1.73444e+09,-13.498,-3.99852,-1.92334
1.73444e+09,-13.4732,-3.99845,-1.92041
1.73444e+09,-13.4484,-3.99839,-1.91746
1.73444e+09,-13.4236,-3.99832,-1.91446
1.73444e+09,-13.3988,-3.99826,-1.91146
1.73444e+09,-13.374,-3.9982,-1.90844
1.73444e+09,-13.3491,-3.99813,-1.90541
1.73444e+09,-13.3243,-3.99807,-1.90233
1.73444e+09,-13.2995,-3.99801,-1.89924
1.73444e+09,-13.2747,-3.99795,-1.89614
1.73444e+09,-13.2499,-3.99789,-1.89303
1.73444e+09,-13.2251,-3.99783,-1.88986
1.73444e+09,-13.2004,-3.99777,-1.88668
1.73444e+09,-13.1756,-3.99772,-1.8835
1.73444e+09,-13.1508,-3.99766,-1.88031
1.73444e+09,-13.126,-3.9976,-1.87705
1.73444e+09,-13.1012,-3.99755,-1.87379
1.73444e+09,-13.0764,-3.99749,-1.87052
1.73444e+09,-13.0516,-3.99744,-1.86724
1.73444e+09,-13.0269,-3.99739,-1.8639
1.73444e+09,-13.0021,-3.99734,-1.86055
1.73444e+09,-12.9773,-3.99729,-1.85719
1.73444e+09,-12.9526,-3.99724,-1.85383
1.73444e+09,-12.9278,-3.99719,-1.8504
1.73444e+09,-12.9031,-3.99714,-1.84697
1.73444e+09,-12.8783,-3.99709,-1.84352
1.73444e+09,-12.8536,-3.99705,-1.84007
1.73444e+09,-12.8288,-3.997,-1.83656
1.73444e+09,-12.8041,-3.99696,-1.83303
1.73444e+09,-12.7793,-3.99691,-1.8295
1.73444e+09,-12.7546,-3.99687,-1.82596
1.73444e+09,-12.7299,-3.99683,-1.82235
1.73444e+09,-12.7051,-3.99679,-1.81874
1.73444e+09,-12.6804,-3.99675,-1.81511
1.73444e+09,-12.6557,-3.99671,-1.81148
1.73444e+09,-12.6309,-3.99667,-1.80779
1.73444e+09,-12.6062,-3.99664,-1.80409
1.73444e+09,-12.5815,-3.9966,-1.80037
1.73444e+09,-12.5568,-3.99656,-1.79665
1.73444e+09,-12.5321,-3.99653,-1.79287
1.73444e+09,-12.5074,-3.9965,-1.78907
1.73444e+09,-12.4827,-3.99646,-1.78526
1.73444e+09,-12.458,-3.99643,-1.78145
1.73444e+09,-12.4333,-3.9964,-1.77758
1.73444e+09,-12.4086,-3.99637,-1.77369
1.73444e+09,-12.3839,-3.99635,-1.76979
1.73444e+09,-12.3592,-3.99632,-1.76588
1.73444e+09,-12.3346,-3.99629,-1.76192
1.73444e+09,-12.3099,-3.99627,-1.75794
1.73444e+09,-12.2852,-3.99625,-1.75395
1.73444e+09,-12.2606,-3.99622,-1.74995
1.73444e+09,-12.2359,-3.9962,-1.7459
1.73444e+09,-12.2112,-3.99618,-1.74182
1.73444e+09,-12.1866,-3.99616,-1.73773
1.73444e+09,-12.1619,-3.99614,-1.73364
1.73444e+09,-12.1373,-3.99613,-1.72949
1.73444e+09,-12.1126,-3.99611,-1.72533
1.73444e+09,-12.088,-3.9961,-1.72114
1.73444e+09,-12.0634,-3.99608,-1.71695
1.73444e+09,-12.0387,-3.99607,-1.71272
1.73444e+09,-12.0141,-3.99606,-1.70845
1.73444e+09,-11.9895,-3.99605,-1.70418
1.73444e+09,-11.9649,-3.99604,-1.69989
1.73444e+09,-11.9402,-3.99603,-1.69556
1.73444e+09,-11.9156,-3.99603,-1.6912
1.73444e+09,-11.891,-3.99602,-1.68683
1.73444e+09,-11.8664,-3.99602,-1.68245
1.73444e+09,-11.8418,-3.99602,-1.67803
1.73444e+09,-11.8172,-3.99602,-1.67357
1.73444e+09,-11.7926,-3.99602,-1.6691
1.73444e+09,-11.7681,-3.99602,-1.66462
1.73444e+09,-11.7435,-3.99602,-1.66012
1.73444e+09,-11.7189,-3.99603,-1.65556
1.73444e+09,-11.6943,-3.99603,-1.65099
1.73444e+09,-11.6698,-3.99604,-1.64642
1.73444e+09,-11.6452,-3.99605,-1.64182
1.73444e+09,-11.6207,-3.99606,-1.63716
1.73444e+09,-11.5961,-3.99607,-1.6325
1.73444e+09,-11.5715,-3.99608,-1.62783
1.73444e+09,-11.547,-3.99609,-1.62313
1.73444e+09,-11.5225,-3.99611,-1.61838
1.73444e+09,-11.4979,-3.99612,-1.61363
1.73444e+09,-11.4734,-3.99614,-1.60886
1.73444e+09,-11.4489,-3.99616,-1.60407
1.73444e+09,-11.4244,-3.99618,-1.59922
1.73444e+09,-11.3998,-3.9962,-1.59437
1.73444e+09,-11.3753,-3.99623,-1.5895
1.73444e+09,-11.3508,-3.99625,-1.58462
1.73444e+09,-11.3263,-3.99628,-1.57968
1.73444e+09,-11.3018,-3.99631,-1.57472
1.73444e+09,-11.2773,-3.99634,-1.56976
1.73444e+09,-11.2528,-3.99637,-1.56478
1.73444e+09,-11.2284,-3.9964,-1.55974
1.73444e+09,-11.2039,-3.99644,-1.5547
1.73444e+09,-11.1794,-3.99648,-1.54963
1.73444e+09,-11.1549,-3.99651,-1.54456
1.73444e+09,-11.1305,-3.99655,-1.53943
1.73444e+09,-11.106,-3.9966,-1.53429
1.73444e+09,-11.0816,-3.99664,-1.52912
1.73444e+09,-11.0571,-3.99668,-1.52396
1.73444e+09,-11.0327,-3.99673,-1.51873
1.73444e+09,-11.0083,-3.99678,-1.51349
1.73444e+09,-10.9838,-3.99683,-1.50823
1.73444e+09,-10.9594,-3.99688,-1.50297
1.73444e+09,-10.935,-3.99693,-1.49765
1.73444e+09,-10.9106,-3.99699,-1.49231
1.73444e+09,-10.8862,-3.99704,-1.48696
1.73444e+09,-10.8618,-3.9971,-1.4816
1.73444e+09,-10.8374,-3.99716,-1.47619
1.73444e+09,-10.813,-3.99722,-1.47076
1.73444e+09,-10.7886,-3.99728,-1.4653
1.73444e+09,-10.7642,-3.99735,-1.45985
1.73444e+09,-10.7398,-3.99742,-1.45435
1.73444e+09,-10.7154,-3.99749,-1.44882
1.73444e+09,-10.6911,-3.99756,-1.44327
1.73444e+09,-10.6667,-3.99763,-1.43772
1.73444e+09,-10.6424,-3.9977,-1.43213
1.73444e+09,-10.618,-3.99778,-1.42651
1.73444e+09,-10.5937,-3.99786,-1.42087
1.73444e+09,-10.5693,-3.99793,-1.41522
1.73444e+09,-10.545,-3.99802,-1.40954
1.73444e+09,-10.5207,-3.9981,-1.40382
1.73444e+09,-10.4963,-3.99819,-1.39809
1.73444e+09,-10.472,-3.99827,-1.39234
1.73444e+09,-10.4477,-3.99836,-1.38658
1.73444e+09,-10.4234,-3.99845,-1.38076
1.73444e+09,-10.3991,-3.99855,-1.37493
1.73444e+09,-10.3748,-3.99864,-1.36909
1.73444e+09,-10.3505,-3.99874,-1.36324
1.73444e+09,-10.3262,-3.99884,-1.35733
1.73444e+09,-10.302,-3.99894,-1.35142
1.73444e+09,-10.2777,-3.99904,-1.34548
1.73444e+09,-10.2534,-3.99914,-1.33954
1.73444e+09,-10.2291,-3.99925,-1.33354
1.73444e+09,-10.2049,-3.99936,-1.32753
1.73444e+09,-10.1806,-3.99947,-1.32151
1.73444e+09,-10.1564,-3.99958,-1.31547
1.73444e+09,-10.1322,-3.9997,-1.30939
1.73444e+09,-10.1079,-3.99981,-1.30329
1.73444e+09,-10.0837,-3.99993,-1.29717
1.73444e+09,-10.0595,-4.00005,-1.29105
1.73444e+09,-10.0352,-4.00018,-1.28488
1.73444e+09,-10.011,-4.0003,-1.27869
1.73444e+09,-9.98683,-4.00043,-1.27248
1.73444e+09,-9.96263,-4.00055,-1.26626
1.73444e+09,-9.93844,-4.00069,-1.26001
1.73444e+09,-9.91425,-4.00082,-1.25373
1.73444e+09,-9.89006,-4.00095,-1.24744
1.73444e+09,-9.86589,-4.00109,-1.24113
1.73444e+09,-9.84171,-4.00123,-1.2348
1.73444e+09,-9.81755,-4.00137,-1.22843
1.73444e+09,-9.79339,-4.00151,-1.22206
1.73444e+09,-9.76923,-4.00166,-1.21566
1.73444e+09,-9.74508,-4.00181,-1.20925
1.73444e+09,-9.72094,-4.00196,-1.20279
1.73444e+09,-9.6968,-4.00211,-1.19633
1.73444e+09,-9.67267,-4.00226,-1.18985
1.73444e+09,-9.64854,-4.00242,-1.18335
1.73444e+09,-9.62442,-4.00258,-1.17682
1.73444e+09,-9.60031,-4.00274,-1.17027
1.73444e+09,-9.5762,-4.0029,-1.1637
1.73444e+09,-9.55209,-4.00306,-1.15713
1.73444e+09,-9.52799,-4.00323,-1.15051
1.73444e+09,-9.5039,-4.0034,-1.14388
1.73444e+09,-9.47981,-4.00357,-1.13723
1.73444e+09,-9.45572,-4.00375,-1.13058
1.73444e+09,-9.43165,-4.00392,-1.12388
1.73444e+09,-9.40758,-4.0041,-1.11717
1.73444e+09,-9.38351,-4.00428,-1.11044
1.73444e+09,-9.35945,-4.00446,-1.1037
1.73444e+09,-9.33539,-4.00465,-1.09693
1.73444e+09,-9.31135,-4.00483,-1.09014
1.73444e+09,-9.2873,-4.00502,-1.08333
1.73444e+09,-9.26326,-4.00521,-1.07652
1.73444e+09,-9.23923,-4.0054,-1.06967
1.73444e+09,-9.2152,-4.0056,-1.0628
1.73444e+09,-9.19118,-4.0058,-1.05592
1.73444e+09,-9.16716,-4.006,-1.04903
1.73444e+09,-9.14315,-4.0062,-1.04211
1.73444e+09,-9.11914,-4.0064,-1.03516
1.73444e+09,-9.09514,-4.00661,-1.02821
1.73444e+09,-9.07115,-4.00681,-1.02123
1.73444e+09,-9.04716,-4.00702,-1.01424
1.73444e+09,-9.02317,-4.00724,-1.00723
1.73444e+09,-8.99919,-4.00745,-1.0002
1.73444e+09,-8.97521,-4.00766,-0.993156
1.73444e+09,-8.95124,-4.00788,-0.986097
1.73444e+09,-8.92728,-4.0081,-0.979008
1.73444e+09,-8.90332,-4.00833,-0.971912
1.73444e+09,-8.87936,-4.00855,-0.964794
1.73444e+09,-8.85542,-4.00878,-0.957664
1.73444e+09,-8.83147,-4.00901,-0.950506
1.73444e+09,-8.80753,-4.00924,-0.943342
1.73444e+09,-8.78359,-4.00947,-0.936159
1.73444e+09,-8.75967,-4.0097,-0.928961
1.73444e+09,-8.73574,-4.00994,-0.921734
1.73444e+09,-8.71182,-4.01018,-0.914502
1.73444e+09,-8.6879,-4.01042,-0.907256
1.73444e+09,-8.664,-4.01067,-0.899991
1.73444e+09,-8.64009,-4.01091,-0.892702
1.73444e+09,-8.61619,-4.01116,-0.885405
1.73444e+09,-8.59229,-4.01141,-0.878096
1.73444e+09,-8.5684,-4.01166,-0.870768
1.73444e+09,-8.54452,-4.01191,-0.863417
1.73444e+09,-8.52063,-4.01217,-0.856055
1.73444e+09,-8.49675,-4.01242,-0.848688
1.73444e+09,-8.47288,-4.01268,-0.841298
1.73444e+09,-8.44902,-4.01295,-0.833887
1.73444e+09,-8.42515,-4.01321,-0.826465
1.73444e+09,-8.40129,-4.01347,-0.819042
1.73444e+09,-8.37743,-4.01374,-0.811597
1.73444e+09,-8.35359,-4.01401,-0.804127
1.73444e+09,-8.32974,-4.01428,-0.796645
1.73444e+09,-8.30589,-4.01456,-0.789162
1.73444e+09,-8.28205,-4.01483,-0.781662
1.73444e+09,-8.25823,-4.01511,-0.774141
1.73444e+09,-8.2344,-4.01539,-0.7666
1.73444e+09,-8.21057,-4.01567,-0.759061
1.73444e+09,-8.18674,-4.01595,-0.751512
1.73444e+09,-8.16293,-4.01624,-0.743939
1.73444e+09,-8.13912,-4.01652,-0.736343
1.73444e+09,-8.11531,-4.01681,-0.728752
1.73444e+09,-8.0915,-4.0171,-0.721158
1.73444e+09,-8.0677,-4.01739,-0.713536
1.73444e+09,-8.04391,-4.01769,-0.705889
1.73444e+09,-8.02011,-4.01798,-0.698246
1.73444e+09,-7.99631,-4.01828,-0.690603
1.73444e+09,-7.97253,-4.01858,-0.68294
1.73444e+09,-7.94875,-4.01888,-0.675243
1.73444e+09,-7.92497,-4.01918,-0.667552
1.73444e+09,-7.90119,-4.01948,-0.65986
1.73444e+09,-7.87742,-4.01979,-0.652159
1.73444e+09,-7.85366,-4.0201,-0.644419
1.73444e+09,-7.82989,-4.02041,-0.636683
1.73444e+09,-7.80613,-4.02072,-0.628946
1.73444e+09,-7.78237,-4.02103,-0.621206
1.73444e+09,-7.75862,-4.02134,-0.613433
1.73444e+09,-7.73487,-4.02166,-0.605648
1.73444e+09,-7.71112,-4.02197,-0.597871
1.73444e+09,-7.68737,-4.02229,-0.590092
1.73444e+09,-7.66363,-4.02261,-0.582288
1.73444e+09,-7.6399,-4.02293,-0.574462
1.73444e+09,-7.61616,-4.02325,-0.566645
1.73444e+09,-7.59242,-4.02358,-0.558827
1.73444e+09,-7.56869,-4.0239,-0.550996
1.73444e+09,-7.54497,-4.02423,-0.54313
1.73444e+09,-7.52125,-4.02456,-0.535277
1.73444e+09,-7.49752,-4.02489,-0.527426
1.73444e+09,-7.47379,-4.02521,-0.519568
1.73444e+09,-7.45009,-4.02555,-0.511671
1.73444e+09,-7.42638,-4.02588,-0.503786
1.73444e+09,-7.40266,-4.02621,-0.495902
1.73444e+09,-7.37894,-4.02655,-0.488015
1.73444e+09,-7.35524,-4.02688,-0.480097
1.73444e+09,-7.33154,-4.02722,-0.472177
1.73444e+09,-7.30784,-4.02756,-0.464264
1.73444e+09,-7.28413,-4.0279,-0.45635
1.73444e+09,-7.26043,-4.02824,-0.448414
1.73444e+09,-7.23675,-4.02858,-0.440463
1.73444e+09,-7.21304,-4.02892,-0.432524
1.73444e+09,-7.18934,-4.02926,-0.424586
1.73444e+09,-7.16565,-4.02961,-0.416639
1.73444e+09,-7.14197,-4.02996,-0.408659
1.73444e+09,-7.11828,-4.0303,-0.4007
1.73444e+09,-7.09459,-4.03065,-0.39274
1.73444e+09,-7.0709,-4.03099,-0.384775
1.73444e+09,-7.04723,-4.03134,-0.376781
1.73444e+09,-7.02355,-4.03169,-0.368801
1.73444e+09,-6.99986,-4.03204,-0.360824
1.73444e+09,-6.97617,-4.03238,-0.352845
1.73444e+09,-6.95251,-4.03274,-0.344838
1.73444e+09,-6.92883,-4.03309,-0.336842
1.73444e+09,-6.90515,-4.03344,-0.328847
1.73444e+09,-6.88147,-4.03379,-0.320854
1.73444e+09,-6.8578,-4.03414,-0.312844
1.73444e+09,-6.83414,-4.0345,-0.304828
1.73444e+09,-6.81046,-4.03485,-0.296825
1.73444e+09,-6.78678,-4.0352,-0.288822
1.73444e+09,-6.76311,-4.03555,-0.280812
1.73444e+09,-6.73945,-4.03591,-0.272785
1.73444e+09,-6.71577,-4.03627,-0.264774
1.73444e+09,-6.69209,-4.03662,-0.256763
1.73444e+09,-6.66842,-4.03697,-0.248749
1.73444e+09,-6.64476,-4.03733,-0.240718
1.73444e+09,-6.62109,-4.03768,-0.232701
1.73444e+09,-6.59741,-4.03804,-0.224686
1.73444e+09,-6.57374,-4.03839,-0.216672
1.73444e+09,-6.55008,-4.03875,-0.208644
1.73444e+09,-6.52642,-4.0391,-0.200625
1.73444e+09,-6.50274,-4.03945,-0.192612
1.73444e+09,-6.47906,-4.03981,-0.184598
1.73444e+09,-6.4554,-4.04016,-0.176576
1.73444e+09,-6.43174,-4.04052,-0.16856
1.73444e+09,-6.40806,-4.04087,-0.160549
1.73444e+09,-6.38438,-4.04122,-0.152539
1.73444e+09,-6.36071,-4.04157,-0.144526
1.73444e+09,-6.33705,-4.04193,-0.136511
1.73444e+09,-6.31337,-4.04228,-0.12851
1.73444e+09,-6.28968,-4.04263,-0.120509
1.73444e+09,-6.266,-4.04297,-0.112508
1.73444e+09,-6.24234,-4.04333,-0.104505
1.73444e+09,-6.21866,-4.04368,-0.0965154
1.73444e+09,-6.19497,-4.04402,-0.0885275
1.73444e+09,-6.17129,-4.04437,-0.0805399
1.73444e+09,-6.14761,-4.04472,-0.0725564
1.73444e+09,-6.12393,-4.04506,-0.0645789
1.73444e+09,-6.10024,-4.04541,-0.0566069
1.73444e+09,-6.07655,-4.04575,-0.0486352
1.73444e+09,-6.05287,-4.04609,-0.0406647
1.73444e+09,-6.02918,-4.04643,-0.032709
1.73444e+09,-6.00548,-4.04677,-0.0247572
1.73444e+09,-5.98178,-4.04711,-0.0168058
1.73444e+09,-5.95809,-4.04745,-0.00885535
1.73444e+09,-5.9344,-4.04779,-0.000922961
1.73444e+09,-5.91069,-4.04812,0.00700284
1.73444e+09,-5.88698,-4.04846,0.0149283
1.73444e+09,-5.86328,-4.04879,0.0228529
1.73444e+09,-5.83958,-4.04912,0.0307613
1.73444e+09,-5.81586,-4.04945,0.0386571
1.73444e+09,-5.79215,-4.04978,0.0465533
1.73444e+09,-5.76843,-4.0501,0.0544493
1.73444e+09,-5.74472,-4.05043,0.0623266
1.73444e+09,-5.721,-4.05075,0.0701936
1.73444e+09,-5.69727,-4.05107,0.0780583
1.73444e+09,-5.67354,-4.05139,0.0859229
1.73444e+09,-5.64982,-4.05171,0.0937729
1.73444e+09,-5.62609,-4.05202,0.101598
1.73444e+09,-5.60235,-4.05233,0.109425
1.73444e+09,-5.57861,-4.05264,0.117251
1.73444e+09,-5.55487,-4.05295,0.125065
1.73444e+09,-5.53113,-4.05325,0.13285
1.73444e+09,-5.50738,-4.05355,0.140634
1.73444e+09,-5.48362,-4.05386,0.148418
1.73444e+09,-5.45987,-4.05415,0.156194
1.73444e+09,-5.43612,-4.05445,0.163933
1.73444e+09,-5.41235,-4.05474,0.171672
1.73444e+09,-5.38858,-4.05503,0.17941
1.73444e+09,-5.36482,-4.05532,0.187146
1.73444e+09,-5.34106,-4.0556,0.194839
1.73444e+09,-5.31727,-4.05588,0.202528
1.73444e+09,-5.29349,-4.05616,0.210216
1.73444e+09,-5.26971,-4.05644,0.217904
1.73444e+09,-5.24593,-4.05671,0.22555
1.73444e+09,-5.22214,-4.05697,0.233182
1.73444e+09,-5.19833,-4.05724,0.240813
1.73444e+09,-5.17453,-4.0575,0.248443
1.73444e+09,-5.15073,-4.05776,0.256045
1.73444e+09,-5.12692,-4.05801,0.263615
1.73444e+09,-5.1031,-4.05826,0.271187
1.73444e+09,-5.07928,-4.05851,0.278759
1.73444e+09,-5.05547,-4.05876,0.286309
1.73444e+09,-5.03164,-4.059,0.293819
1.73444e+09,-5.0078,-4.05923,0.301328
1.73444e+09,-4.98396,-4.05946,0.308838
1.73444e+09,-4.96012,-4.0597,0.316341
1.73444e+09,-4.93628,-4.05992,0.323779
1.73444e+09,-4.91242,-4.06013,0.331218
1.73444e+09,-4.88855,-4.06035,0.338658
1.73444e+09,-4.86469,-4.06056,0.346096
1.73444e+09,-4.84083,-4.06077,0.353469
1.73444e+09,-4.81695,-4.06096,0.360836
1.73444e+09,-4.79306,-4.06116,0.368203
1.73444e+09,-4.76918,-4.06135,0.37557
1.73444e+09,-4.74529,-4.06155,0.382883
1.73444e+09,-4.7214,-4.06172,0.390169
1.73444e+09,-4.69749,-4.0619,0.39746
1.73444e+09,-4.67358,-4.06207,0.404753
1.73444e+09,-4.64967,-4.06224,0.412005
1.73444e+09,-4.62575,-4.0624,0.419207
1.73444e+09,-4.60182,-4.06256,0.426415
1.73444e+09,-4.57788,-4.06271,0.433625
1.73444e+09,-4.55395,-4.06287,0.440804
1.73444e+09,-4.53,-4.06301,0.447924
1.73444e+09,-4.50604,-4.06314,0.455046
1.73444e+09,-4.48208,-4.06327,0.462169
1.73444e+09,-4.45812,-4.06341,0.469278
1.73444e+09,-4.43415,-4.06353,0.47631
1.73444e+09,-4.41016,-4.06364,0.483338
1.73444e+09,-4.38617,-4.06375,0.490371
1.73444e+09,-4.36218,-4.06387,0.497399
1.73444e+09,-4.33819,-4.06397,0.504344
1.73444e+09,-4.31416,-4.06406,0.511274
1.73444e+09,-4.29014,-4.06415,0.51821
1.73444e+09,-4.26613,-4.06424,0.525146
1.73444e+09,-4.2421,-4.06433,0.532004
1.73444e+09,-4.21805,-4.0644,0.538831
1.73444e+09,-4.19401,-4.06446,0.545668
1.73444e+09,-4.16996,-4.06453,0.552505
1.73444e+09,-4.1459,-4.06459,0.559285
1.73444e+09,-4.12184,-4.06464,0.566001
1.73444e+09,-4.09776,-4.06468,0.572732
1.73444e+09,-4.07369,-4.06472,0.579464
1.73444e+09,-4.0496,-4.06476,0.586145
1.73444e+09,-4.02551,-4.06478,0.59276
1.73444e+09,-4.0014,-4.06479,0.599381
1.73444e+09,-3.97729,-4.0648,0.606003
1.73444e+09,-3.95318,-4.06482,0.612585
1.73444e+09,-3.92905,-4.06481,0.619092
1.73444e+09,-3.90491,-4.0648,0.625601
1.73444e+09,-3.88078,-4.06478,0.63211
1.73444e+09,-3.85664,-4.06477,0.638591
1.73444e+09,-3.83248,-4.06473,0.644994
1.73444e+09,-3.80831,-4.06468,0.651379
1.73444e+09,-3.78414,-4.06463,0.657769
1.73444e+09,-3.75997,-4.06459,0.664146
1.73444e+09,-3.73578,-4.06453,0.670428
1.73444e+09,-3.71158,-4.06445,0.676689
1.73444e+09,-3.68738,-4.06437,0.682956
1.73444e+09,-3.66318,-4.06429,0.689219
1.73444e+09,-3.63896,-4.06419,0.695391
1.73444e+09,-3.61473,-4.06408,0.701521
1.73444e+09,-3.59049,-4.06396,0.707662
1.73444e+09,-3.56626,-4.06385,0.713802
1.73444e+09,-3.54201,-4.06373,0.719857
1.73444e+09,-3.51775,-4.06358,0.725858
1.73444e+09,-3.49348,-4.06343,0.731866
1.73444e+09,-3.46922,-4.06328,0.737874
1.73444e+09,-3.44494,-4.06312,0.743811
1.73444e+09,-3.42064,-4.06294,0.749678
1.73444e+09,-3.39634,-4.06275,0.755551
1.73444e+09,-3.37204,-4.06256,0.761424
1.73444e+09,-3.34773,-4.06237,0.767232
1.73444e+09,-3.3234,-4.06215,0.772972
1.73444e+09,-3.29907,-4.06192,0.778705
1.73444e+09,-3.27474,-4.0617,0.784438
1.73444e+09,-3.25039,-4.06146,0.790117
1.73444e+09,-3.22604,-4.06121,0.795718
1.73444e+09,-3.20167,-4.06094,0.801307
1.73444e+09,-3.17731,-4.06067,0.806896
1.73444e+09,-3.15293,-4.0604,0.812441
1.73444e+09,-3.12855,-4.0601,0.817904
1.73444e+09,-3.10415,-4.05979,0.823344
1.73444e+09,-3.07975,-4.05948,0.828784
1.73444e+09,-3.05534,-4.05916,0.834188
1.73444e+09,-3.03092,-4.05882,0.839509
1.73444e+09,-3.00649,-4.05847,0.844798
1.73444e+09,-2.98206,-4.05811,0.850086
1.73444e+09,-2.95763,-4.05776,0.855346
1.73444e+09,-2.93318,-4.05738,0.860521
1.73444e+09,-2.90871,-4.05698,0.865653
1.73444e+09,-2.88425,-4.05658,0.870785
1.73444e+09,-2.85978,-4.05618,0.875894
1.73444e+09,-2.8353,-4.05576,0.880919
1.73444e+09,-2.81081,-4.05531,0.88589
1.73444e+09,-2.78631,-4.05487,0.89086
1.73444e+09,-2.76181,-4.05442,0.895817
1.73444e+09,-2.7373,-4.05395,0.900686
1.73444e+09,-2.71277,-4.05346,0.905492
1.73444e+09,-2.68824,-4.05297,0.910299
1.73444e+09,-2.66372,-4.05248,0.915102
1.73444e+09,-2.63918,-4.05197,0.919811
1.73444e+09,-2.61462,-4.05142,0.924449
1.73444e+09,-2.59006,-4.05088,0.929086
1.73444e+09,-2.5655,-4.05034,0.933723
1.73444e+09,-2.54093,-4.04978,0.938272
1.73444e+09,-2.51634,-4.04918,0.942739
1.73444e+09,-2.49175,-4.04859,0.947202
1.73444e+09,-2.46716,-4.048,0.951664
1.73444e+09,-2.44256,-4.04738,0.956054
1.73444e+09,-2.41795,-4.04674,0.960347
1.73444e+09,-2.39333,-4.0461,0.964636
1.73444e+09,-2.36871,-4.04545,0.968926
1.73444e+09,-2.34408,-4.04479,0.973144
1.73444e+09,-2.31943,-4.04409,0.977267
1.73444e+09,-2.29478,-4.04339,0.981376
1.73444e+09,-2.27014,-4.04269,0.985486
1.73444e+09,-2.24548,-4.04197,0.989532
1.73444e+09,-2.22081,-4.04122,0.993479
1.73444e+09,-2.19613,-4.04046,0.997406
1.73444e+09,-2.17145,-4.03971,1.00133
1.73444e+09,-2.14677,-4.03894,1.0052
1.73444e+09,-2.12207,-4.03814,1.00897
1.73444e+09,-2.09737,-4.03732,1.01271
1.73444e+09,-2.07267,-4.03651,1.01646
1.73444e+09,-2.04796,-4.03569,1.02014
1.73444e+09,-2.02323,-4.03483,1.02373
1.73444e+09,-1.9985,-4.03396,1.02728
1.73444e+09,-1.97377,-4.0331,1.03084
1.73444e+09,-1.94904,-4.03221,1.03434
1.73444e+09,-1.92429,-4.0313,1.03774
1.73444e+09,-1.89954,-4.03037,1.04111
1.73444e+09,-1.87478,-4.02945,1.04447
1.73444e+09,-1.85003,-4.02851,1.04779
1.73444e+09,-1.82526,-4.02754,1.051
1.73444e+09,-1.80048,-4.02655,1.05417
1.73444e+09,-1.7757,-4.02557,1.05734
1.73444e+09,-1.75093,-4.02457,1.06047
1.73444e+09,-1.72613,-4.02354,1.06349
1.73444e+09,-1.70133,-4.0225,1.06646
1.73444e+09,-1.67653,-4.02146,1.06943
1.73444e+09,-1.65174,-4.0204,1.07237
1.73444e+09,-1.62692,-4.01931,1.07519
1.73444e+09,-1.6021,-4.01821,1.07796
1.73444e+09,-1.57728,-4.01711,1.08074
1.73444e+09,-1.55247,-4.01599,1.08348
1.73444e+09,-1.52763,-4.01484,1.08611
1.73444e+09,-1.50279,-4.01367,1.08868
1.73444e+09,-1.47795,-4.01251,1.09126
1.73444e+09,-1.45312,-4.01133,1.0938
1.73444e+09,-1.42826,-4.01013,1.09622
1.73444e+09,-1.40341,-4.0089,1.09859
1.73444e+09,-1.37855,-4.00767,1.10097
1.73444e+09,-1.3537,-4.00643,1.10331
1.73444e+09,-1.32883,-4.00516,1.10553
1.73444e+09,-1.30396,-4.00387,1.10769
1.73444e+09,-1.27909,-4.00258,1.10986
1.73444e+09,-1.25422,-4.00128,1.112
1.73444e+09,-1.22934,-3.99994,1.11401
1.73444e+09,-1.20446,-3.99859,1.11597
1.73444e+09,-1.17957,-3.99723,1.11794
1.73444e+09,-1.15469,-3.99587,1.11987
1.73444e+09,-1.1298,-3.99447,1.12168
1.73444e+09,-1.1049,-3.99305,1.12343
1.73444e+09,-1.08,-3.99163,1.12519
1.73444e+09,-1.05511,-3.9902,1.12691
1.73444e+09,-1.0302,-3.98875,1.12851
1.73444e+09,-1.0053,-3.98726,1.13005
1.73444e+09,-0.980393,-3.98578,1.1316
1.73444e+09,-0.95549,-3.98429,1.13311
1.73444e+09,-0.930575,-3.98277,1.1345
1.73444e+09,-0.905661,-3.98122,1.13583
1.73444e+09,-0.880746,-3.97967,1.13717
1.73444e+09,-0.855834,-3.97811,1.13846
1.73444e+09,-0.830914,-3.97653,1.13965
1.73444e+09,-0.805994,-3.97491,1.14077
1.73444e+09,-0.781073,-3.9733,1.14189
1.73444e+09,-0.756155,-3.97168,1.14298
1.73444e+09,-0.731231,-3.97003,1.14395
1.73444e+09,-0.706307,-3.96835,1.14485
1.73444e+09,-0.681382,-3.96667,1.14576
1.73444e+09,-0.656461,-3.96498,1.14663
1.73444e+09,-0.631529,-3.96326,1.14739
1.73444e+09,-0.606602,-3.96152,1.14809
1.73444e+09,-0.581676,-3.95977,1.14878
1.73444e+09,-0.556751,-3.95802,1.14943
1.73444e+09,-0.531818,-3.95624,1.14997
1.73444e+09,-0.506891,-3.95442,1.15044
1.73444e+09,-0.481964,-3.95261,1.15091
1.73444e+09,-0.457041,-3.95079,1.15135
1.73444e+09,-0.432111,-3.94894,1.15168
1.73444e+09,-0.407186,-3.94706,1.15194
1.73444e+09,-0.38226,-3.94518,1.15219
1.73444e+09,-0.357337,-3.94329,1.15242
1.73444e+09,-0.332413,-3.94138,1.15253
1.73444e+09,-0.307492,-3.93944,1.15257
1.73444e+09,-0.28257,-3.93749,1.15261
1.73444e+09,-0.25765,-3.93554,1.15261
1.73444e+09,-0.232731,-3.93355,1.15251
1.73444e+09,-0.207816,-3.93154,1.15232
1.73444e+09,-0.1829,-3.92953,1.15215
1.73444e+09,-0.157988,-3.92752,1.15194
1.73444e+09,-0.133075,-3.92547,1.15161
1.73444e+09,-0.108167,-3.92339,1.15122
1.73444e+09,-0.0832586,-3.92132,1.15082
1.73444e+09,-0.0583518,-3.91923,1.1504
1.73444e+09,-0.0334494,-3.91712,1.14986
1.73444e+09,-0.00855163,-3.91498,1.14925
1.73444e+09,0.0163463,-3.91284,1.14864
1.73444e+09,0.0412404,-3.91069,1.148
1.73444e+09,0.0661342,-3.90851,1.14725
1.73444e+09,0.0910191,-3.9063,1.14642
1.73444e+09,0.115904,-3.90409,1.1456
1.73444e+09,0.140789,-3.90188,1.14475
1.73444e+09,0.165664,-3.89964,1.14379
1.73444e+09,0.190537,-3.89736,1.14275
1.73444e+09,0.215408,-3.89509,1.14171
1.73444e+09,0.240279,-3.89282,1.14065
1.73444e+09,0.265144,-3.89052,1.13948
1.73444e+09,0.29,-3.88818,1.13822
1.73444e+09,0.314856,-3.88584,1.13697
1.73444e+09,0.339711,-3.88351,1.1357
1.73444e+09,0.364561,-3.88114,1.13432
1.73444e+09,0.3894,-3.87874,1.13286
1.73444e+09,0.41424,-3.87634,1.13139
1.73444e+09,0.439076,-3.87394,1.12991
1.73444e+09,0.463906,-3.87151,1.12833
1.73444e+09,0.488725,-3.86905,1.12665
1.73444e+09,0.513546,-3.86658,1.12497
1.73444e+09,0.538363,-3.86412,1.12328
1.73444e+09,0.563171,-3.86163,1.12148
1.73444e+09,0.587968,-3.85911,1.11959
1.73444e+09,0.612766,-3.85658,1.1177
1.73444e+09,0.637562,-3.85405,1.1158
1.73444e+09,0.662347,-3.8515,1.11379
1.73444e+09,0.687119,-3.84892,1.11169
1.73444e+09,0.711895,-3.84633,1.10959
1.73444e+09,0.73667,-3.84375,1.10749
1.73444e+09,0.761432,-3.84113,1.10528
1.73444e+09,0.786178,-3.83849,1.10298
1.73444e+09,0.810929,-3.83584,1.10067
1.73444e+09,0.83568,-3.83319,1.09837
1.73444e+09,0.860421,-3.83051,1.09595
1.73444e+09,0.885141,-3.82781,1.09343
1.73444e+09,0.909862,-3.8251,1.09092
1.73444e+09,0.934587,-3.8224,1.08841
1.73444e+09,0.959297,-3.81966,1.0858
1.73444e+09,0.983993,-3.81689,1.08307
1.73444e+09,1.00869,-3.81413,1.08035
1.73444e+09,1.03339,-3.81137,1.07765
1.73444e+09,1.05807,-3.80858,1.07484
1.73444e+09,1.08274,-3.80575,1.07192
1.73444e+09,1.1074,-3.80293,1.06901
1.73444e+09,1.13207,-3.80012,1.0661
1.73444e+09,1.15672,-3.79727,1.0631
1.73444e+09,1.18136,-3.79439,1.05999
1.73444e+09,1.206,-3.79151,1.05688
1.73444e+09,1.23063,-3.78864,1.05378
1.73444e+09,1.25526,-3.78574,1.05059
1.73444e+09,1.27987,-3.78281,1.0473
1.73444e+09,1.30447,-3.77988,1.04399
1.73444e+09,1.32908,-3.77694,1.04069
1.73444e+09,1.35367,-3.77399,1.03732
1.73444e+09,1.37825,-3.77101,1.03385
1.73444e+09,1.40282,-3.76802,1.03035
1.73444e+09,1.42739,-3.76503,1.02685
1.73444e+09,1.45195,-3.76203,1.02329
1.73444e+09,1.47649,-3.759,1.01962
1.73444e+09,1.50103,-3.75596,1.01593
1.73444e+09,1.52556,-3.75292,1.01224
1.73444e+09,1.55009,-3.74986,1.00849
1.73444e+09,1.5746,-3.74678,1.00465
1.73444e+09,1.5991,-3.74369,1.00077
1.73444e+09,1.6236,-3.7406,0.9969
1.73444e+09,1.64809,-3.73749,0.992981
1.73444e+09,1.67256,-3.73436,0.988963
1.73444e+09,1.69703,-3.73122,0.984901
1.73444e+09,1.7215,-3.72807,0.980841
1.73444e+09,1.74595,-3.72492,0.976739
1.73444e+09,1.77038,-3.72174,0.972539
1.73444e+09,1.79482,-3.71855,0.968292
1.73444e+09,1.81925,-3.71535,0.964049
1.73444e+09,1.84367,-3.71216,0.959778
1.73444e+09,1.86807,-3.70894,0.955415
1.73444e+09,1.89245,-3.70569,0.950991
1.73444e+09,1.91685,-3.70245,0.946575
1.73444e+09,1.94124,-3.69921,0.942139
1.73444e+09,1.96561,-3.69594,0.93761
1.73444e+09,1.98996,-3.69265,0.933019
1.73444e+09,2.01431,-3.68936,0.928433
1.73444e+09,2.03867,-3.68608,0.923838
1.73444e+09,2.06301,-3.68278,0.91915
1.73444e+09,2.08732,-3.67944,0.914389
1.73444e+09,2.11163,-3.67611,0.909637
1.73444e+09,2.13596,-3.67277,0.90488
1.73444e+09,2.16025,-3.66944,0.900034
1.73444e+09,2.18453,-3.66606,0.895101
1.73444e+09,2.2088,-3.66268,0.890173
1.73444e+09,2.23307,-3.6593,0.88525
1.73444e+09,2.25734,-3.65591,0.880244
1.73444e+09,2.28157,-3.6525,0.875156
1.73444e+09,2.30581,-3.64908,0.870069
1.73444e+09,2.33004,-3.64567,0.864992
1.73444e+09,2.35427,-3.64223,0.859839
1.73444e+09,2.37847,-3.63879,0.854607
1.73444e+09,2.40267,-3.63533,0.84936
1.73444e+09,2.42686,-3.63187,0.844125
1.73444e+09,2.45105,-3.62841,0.838826
1.73444e+09,2.47521,-3.62493,0.833445
1.73444e+09,2.49937,-3.62142,0.828037
1.73444e+09,2.52353,-3.61793,0.822633
1.73444e+09,2.54768,-3.61442,0.817187
1.73444e+09,2.5718,-3.6109,0.811669
1.73444e+09,2.59591,-3.60736,0.806114
1.73444e+09,2.62004,-3.60382,0.800566
1.73444e+09,2.64415,-3.60029,0.794986
1.73444e+09,2.66825,-3.59674,0.789334
1.73444e+09,2.69232,-3.59317,0.783635
1.73444e+09,2.7164,-3.58959,0.777945
1.73444e+09,2.74049,-3.58603,0.772233
1.73444e+09,2.76454,-3.58245,0.766455
1.73444e+09,2.78858,-3.57884,0.760618
1.73444e+09,2.81262,-3.57523,0.754787
1.73444e+09,2.83667,-3.57163,0.748938
1.73444e+09,2.86069,-3.56802,0.743025
1.73444e+09,2.88469,-3.56439,0.737039
1.73444e+09,2.90869,-3.56075,0.731063
1.73444e+09,2.9327,-3.55711,0.725084
1.73444e+09,2.95669,-3.55347,0.719045
1.73444e+09,2.98066,-3.54981,0.712937
1.73444e+09,3.00462,-3.54614,0.706825
1.73444e+09,3.02858,-3.54247,0.700728
1.73444e+09,3.05254,-3.5388,0.694565
1.73444e+09,3.07647,-3.53511,0.688344
1.73444e+09,3.1004,-3.53142,0.682107
1.73444e+09,3.12433,-3.52773,0.675871
1.73444e+09,3.14825,-3.52403,0.669596
1.73444e+09,3.17214,-3.52031,0.663253
1.73444e+09,3.19603,-3.51658,0.656881
1.73444e+09,3.21992,-3.51286,0.650515
1.73444e+09,3.24381,-3.50914,0.644119
1.73444e+09,3.26769,-3.5054,0.637675
1.73444e+09,3.29154,-3.50164,0.631184
1.73444e+09,3.31539,-3.49789,0.624703
1.73444e+09,3.33926,-3.49415,0.618203
1.73444e+09,3.36309,-3.49039,0.611649
1.73444e+09,3.38691,-3.48662,0.605051
1.73444e+09,3.41073,-3.48284,0.598456
1.73444e+09,3.43456,-3.47907,0.591854
1.73444e+09,3.45837,-3.47531,0.5852
1.73444e+09,3.48216,-3.47151,0.578486
1.73444e+09,3.50594,-3.46772,0.571776
1.73444e+09,3.52972,-3.46392,0.565066
1.73444e+09,3.5535,-3.46013,0.558302
1.73444e+09,3.57726,-3.45631,0.551491
1.73444e+09,3.60101,-3.4525,0.544662
1.73444e+09,3.62476,-3.44868,0.537855
1.73444e+09,3.64851,-3.44487,0.530999
1.73444e+09,3.67224,-3.44104,0.524102
1.73444e+09,3.69596,-3.43721,0.517177
1.73444e+09,3.71967,-3.43338,0.510259
1.73444e+09,3.74339,-3.42955,0.503323
1.73444e+09,3.7671,-3.4257,0.496336
1.73444e+09,3.79079,-3.42184,0.489306
1.73444e+09,3.81448,-3.418,0.48228
1.73444e+09,3.83818,-3.41415,0.475239
1.73444e+09,3.86185,-3.41028,0.468169
1.73444e+09,3.88551,-3.40641,0.46105
1.73444e+09,3.90917,-3.40253,0.453937
1.73444e+09,3.93284,-3.39866,0.446821
1.73444e+09,3.9565,-3.39478,0.43966
1.73444e+09,3.98014,-3.39089,0.432468
1.73444e+09,4.00377,-3.38699,0.425268
1.73444e+09,4.0274,-3.3831,0.418074
1.73444e+09,4.05104,-3.37922,0.41084
1.73444e+09,4.07465,-3.37532,0.403563
1.73444e+09,4.09824,-3.37141,0.396284
1.73444e+09,4.12184,-3.36751,0.389001
1.73444e+09,4.14546,-3.36359,0.381688
1.73444e+09,4.16904,-3.35968,0.374348
1.73444e+09,4.19262,-3.35575,0.366964
1.73444e+09,4.21619,-3.35183,0.35961
1.73444e+09,4.23977,-3.34791,0.352236
1.73444e+09,4.26332,-3.34399,0.344831
1.73444e+09,4.28688,-3.34005,0.33739
1.73444e+09,4.31043,-3.33611,0.329949
1.73444e+09,4.33399,-3.33218,0.322518
1.73444e+09,4.35752,-3.32824,0.315045
1.73444e+09,4.38106,-3.32429,0.307535
1.73444e+09,4.40459,-3.32034,0.300022
1.73444e+09,4.42812,-3.31639,0.292505
1.73444e+09,4.45165,-3.31243,0.284967
1.73444e+09,4.47516,-3.30847,0.277397
1.73444e+09,4.49866,-3.30451,0.269822
1.73444e+09,4.52217,-3.30055,0.262252
1.73444e+09,4.54568,-3.29658,0.254653
1.73444e+09,4.56918,-3.29261,0.247041
1.73444e+09,4.59266,-3.28864,0.239404
1.73444e+09,4.61614,-3.28467,0.231778
1.73444e+09,4.63965,-3.28069,0.224132
1.73444e+09,4.66312,-3.27671,0.216461
1.73444e+09,4.68657,-3.27273,0.208771
1.73444e+09,4.71003,-3.26875,0.201083
1.73444e+09,4.73349,-3.26476,0.193385
1.73444e+09,4.75696,-3.26077,0.185669
1.73444e+09,4.7804,-3.25678,0.177923
1.73444e+09,4.80384,-3.25279,0.170179
1.73444e+09,4.82728,-3.2488,0.162447
1.73444e+09,4.85072,-3.2448,0.154682
1.73444e+09,4.87415,-3.24081,0.146906
1.73444e+09,4.89758,-3.2368,0.139112
1.73444e+09,4.92101,-3.2328,0.131329
1.73444e+09,4.94443,-3.2288,0.123534
1.73444e+09,4.96785,-3.2248,0.115712
1.73444e+09,4.99126,-3.22079,0.107874
1.73444e+09,5.01468,-3.21678,0.100036
1.73444e+09,5.0381,-3.21277,0.0921856
1.73444e+09,5.0615,-3.20875,0.0843364
1.73444e+09,5.0849,-3.20474,0.076459
1.73444e+09,5.10828,-3.20072,0.0685893
1.73444e+09,5.1317,-3.19671,0.060715
1.73444e+09,5.1551,-3.19269,0.0528228
1.73444e+09,5.17849,-3.18867,0.0449279
1.73444e+09,5.20187,-3.18465,0.0370242
1.73444e+09,5.22525,-3.18063,0.0291315
1.73444e+09,5.24866,-3.17661,0.0212079
1.73444e+09,5.27204,-3.17258,0.0132743
1.73444e+09,5.29541,-3.16856,0.00533979
1.73444e+09,5.31877,-3.16454,-0.00258937
1.73444e+09,5.34215,-3.16051,-0.0105371
1.73444e+09,5.36552,-3.15648,-0.0184871
1.73444e+09,5.38888,-3.15245,-0.0264547
1.73444e+09,5.41224,-3.14843,-0.0344094
1.73444e+09,5.43561,-3.1444,-0.0423668
1.73444e+09,5.45896,-3.14037,-0.0503324
1.73444e+09,5.48232,-3.13634,-0.0583074
1.73444e+09,5.50566,-3.13231,-0.0662904
1.73444e+09,5.52902,-3.12828,-0.0742675
1.73444e+09,5.55237,-3.12425,-0.0822539
1.73444e+09,5.57573,-3.12021,-0.0902553
1.73444e+09,5.59908,-3.11617,-0.0982598
1.73444e+09,5.62244,-3.11214,-0.106261
1.73444e+09,5.64579,-3.1081,-0.114272
1.73444e+09,5.66913,-3.10406,-0.122275
1.73444e+09,5.69248,-3.10003,-0.13029
1.73444e+09,5.71582,-3.09599,-0.138297
1.73444e+09,5.73919,-3.09195,-0.146312
1.73444e+09,5.76253,-3.08791,-0.154329
1.73444e+09,5.78587,-3.08388,-0.162343
1.73444e+09,5.80921,-3.07984,-0.170362
1.73444e+09,5.83256,-3.0758,-0.17838
1.73444e+09,5.85592,-3.07176,-0.186405
1.73444e+09,5.87926,-3.06772,-0.194435
1.73444e+09,5.90259,-3.06369,-0.202454
1.73444e+09,5.92593,-3.05965,-0.210471
1.73444e+09,5.94927,-3.05561,-0.218495
1.73444e+09,5.97261,-3.05158,-0.226519
1.73444e+09,5.99595,-3.04754,-0.234551
1.73444e+09,6.01928,-3.0435,-0.242567
1.73444e+09,6.04262,-3.03947,-0.250586
1.73444e+09,6.06595,-3.03543,-0.258602
1.73444e+09,6.08929,-3.03139,-0.266622
1.73444e+09,6.11262,-3.02736,-0.274648
1.73444e+09,6.13596,-3.02332,-0.282663
1.73444e+09,6.1593,-3.01928,-0.29068
1.73444e+09,6.18265,-3.01524,-0.298705
1.73444e+09,6.20599,-3.01121,-0.306719
1.73444e+09,6.22934,-3.00717,-0.314736
1.73444e+09,6.25269,-3.00313,-0.322747
1.73444e+09,6.27603,-2.9991,-0.330748
1.73444e+09,6.29937,-2.99506,-0.338753
1.73444e+09,6.32272,-2.99103,-0.34675
1.73444e+09,6.34609,-2.98699,-0.354749
1.73444e+09,6.36944,-2.98296,-0.36274
1.73444e+09,6.39279,-2.97893,-0.370725
1.73444e+09,6.41613,-2.9749,-0.378705
1.73444e+09,6.43949,-2.97087,-0.386691
1.73444e+09,6.46286,-2.96683,-0.394672
1.73444e+09,6.48622,-2.9628,-0.402648
1.73444e+09,6.50958,-2.95878,-0.410607
1.73444e+09,6.53293,-2.95475,-0.418568
1.73444e+09,6.55629,-2.95072,-0.426523
1.73444e+09,6.57966,-2.94669,-0.434475
1.73444e+09,6.60302,-2.94267,-0.442423
1.73444e+09,6.62639,-2.93864,-0.450362
1.73444e+09,6.64976,-2.93462,-0.458292
1.73444e+09,6.67313,-2.93059,-0.466215
1.73444e+09,6.6965,-2.92657,-0.47414
1.73444e+09,6.71987,-2.92255,-0.482063
1.73444e+09,6.74326,-2.91853,-0.489973
1.73444e+09,6.76664,-2.9145,-0.497879
1.73444e+09,6.79002,-2.91048,-0.505778
1.73444e+09,6.81341,-2.90646,-0.513665
1.73444e+09,6.83681,-2.90244,-0.521553
1.73444e+09,6.8602,-2.89842,-0.529425
1.73444e+09,6.88359,-2.89441,-0.537286
1.73444e+09,6.90699,-2.89039,-0.545142
1.73444e+09,6.9304,-2.88637,-0.552987
1.73444e+09,6.95382,-2.88236,-0.56083
1.73444e+09,6.97722,-2.87834,-0.568664
1.73444e+09,7.00063,-2.87433,-0.576477
1.73444e+09,7.02404,-2.87032,-0.58429
1.73444e+09,7.04746,-2.86631,-0.592096
1.73444e+09,7.07088,-2.8623,-0.599895
1.73444e+09,7.0943,-2.85829,-0.607677
1.73444e+09,7.11773,-2.85429,-0.615449
1.73444e+09,7.14115,-2.85028,-0.623213
1.73444e+09,7.16458,-2.84627,-0.630969
1.73444e+09,7.18802,-2.84227,-0.638713
1.73444e+09,7.21146,-2.83827,-0.646451
1.73444e+09,7.23491,-2.83427,-0.654177
1.73444e+09,7.25836,-2.83027,-0.661888
1.73444e+09,7.28181,-2.82627,-0.669587
1.73444e+09,7.30526,-2.82227,-0.677281
1.73444e+09,7.32871,-2.81827,-0.684972
1.73444e+09,7.35218,-2.81427,-0.692642
1.73444e+09,7.37564,-2.81028,-0.700303
1.73444e+09,7.39911,-2.80628,-0.707946
1.73444e+09,7.42259,-2.80229,-0.715584
1.73444e+09,7.44607,-2.7983,-0.723209
1.73444e+09,7.46954,-2.79431,-0.730815
1.73444e+09,7.49303,-2.79032,-0.738407
1.73444e+09,7.51653,-2.78633,-0.745993
1.73444e+09,7.54002,-2.78234,-0.753559
1.73444e+09,7.56354,-2.77836,-0.761126
1.73444e+09,7.58705,-2.77437,-0.768664
1.73444e+09,7.61056,-2.77039,-0.776187
1.73444e+09,7.63407,-2.76641,-0.783711
1.73444e+09,7.65759,-2.76243,-0.791219
1.73444e+09,7.68112,-2.75844,-0.798715
1.73444e+09,7.70465,-2.75447,-0.806185
1.73444e+09,7.72818,-2.75049,-0.81365
1.73444e+09,7.75171,-2.74652,-0.821095
1.73444e+09,7.77526,-2.74254,-0.828532
1.73444e+09,7.7988,-2.73857,-0.835949
1.73444e+09,7.82235,-2.7346,-0.843363
1.73444e+09,7.84591,-2.73062,-0.850746
1.73444e+09,7.86947,-2.72665,-0.858125
1.73444e+09,7.89304,-2.72269,-0.86548
1.73444e+09,7.9166,-2.71872,-0.872835
1.73444e+09,7.94018,-2.71475,-0.880175
1.73444e+09,7.96376,-2.71079,-0.887491
1.73444e+09,7.98735,-2.70682,-0.894788
1.73444e+09,8.01093,-2.70286,-0.90207
1.73444e+09,8.03453,-2.6989,-0.909342
1.73444e+09,8.05813,-2.69494,-0.916593
1.73444e+09,8.08173,-2.69098,-0.923822
1.73444e+09,8.10535,-2.68703,-0.931034
1.73444e+09,8.12896,-2.68307,-0.938237
1.73444e+09,8.15259,-2.67912,-0.945424
1.73444e+09,8.17624,-2.67516,-0.952598
1.73444e+09,8.19987,-2.67121,-0.959737
1.73444e+09,8.22351,-2.66726,-0.966872
1.73444e+09,8.24715,-2.66332,-0.973989
1.73444e+09,8.2708,-2.65937,-0.981096
1.73444e+09,8.29446,-2.65542,-0.988174
1.73444e+09,8.31812,-2.65148,-0.995236
1.73444e+09,8.34179,-2.64754,-1.00228
1.73444e+09,8.36545,-2.6436,-1.00931
1.73444e+09,8.38913,-2.63965,-1.01632
1.73444e+09,8.41281,-2.63572,-1.02331
1.73444e+09,8.4365,-2.63178,-1.03029
1.73444e+09,8.4602,-2.62784,-1.03724
1.73444e+09,8.4839,-2.62391,-1.04418
1.73444e+09,8.5076,-2.61997,-1.0511
1.73444e+09,8.53131,-2.61604,-1.05801
1.73444e+09,8.55503,-2.61211,-1.06489
1.73444e+09,8.57875,-2.60817,-1.07176
1.73444e+09,8.60248,-2.60425,-1.0786
1.73444e+09,8.6262,-2.60032,-1.08543
1.73444e+09,8.64994,-2.59639,-1.09224
1.73444e+09,8.67368,-2.59247,-1.09902
1.73444e+09,8.69743,-2.58854,-1.10577
1.73444e+09,8.72119,-2.58462,-1.11253
1.73444e+09,8.74495,-2.5807,-1.11925
1.73444e+09,8.76873,-2.57678,-1.12597
1.73444e+09,8.79251,-2.57287,-1.13264
1.73444e+09,8.81628,-2.56895,-1.13931
1.73444e+09,8.84007,-2.56504,-1.14595
1.73444e+09,8.86385,-2.56113,-1.15258
1.73444e+09,8.88765,-2.55721,-1.15919
1.73444e+09,8.91145,-2.5533,-1.16577
1.73444e+09,8.93527,-2.54939,-1.17234
1.73444e+09,8.95908,-2.54548,-1.17888
1.73444e+09,8.9829,-2.54158,-1.1854
1.73444e+09,9.00673,-2.53767,-1.19191
1.73444e+09,9.03056,-2.53377,-1.19839
1.73444e+09,9.0544,-2.52986,-1.20485
1.73444e+09,9.07825,-2.52596,-1.2113
1.73444e+09,9.1021,-2.52206,-1.21771
1.73444e+09,9.12595,-2.51816,-1.22412
1.73444e+09,9.14981,-2.51426,-1.2305
1.73444e+09,9.17368,-2.51036,-1.23686
1.73444e+09,9.19755,-2.50646,-1.24318
1.73444e+09,9.22142,-2.50257,-1.24951
1.73444e+09,9.24531,-2.49867,-1.2558
1.73444e+09,9.2692,-2.49478,-1.26207
1.73444e+09,9.2931,-2.49089,-1.2683
1.73444e+09,9.317,-2.487,-1.27453
1.73444e+09,9.3409,-2.48311,-1.28072
1.73444e+09,9.36482,-2.47922,-1.28691
1.73444e+09,9.38874,-2.47534,-1.29306
1.73444e+09,9.41266,-2.47145,-1.2992
1.73444e+09,9.43659,-2.46757,-1.30531
1.73444e+09,9.46053,-2.46369,-1.3114
1.73444e+09,9.48447,-2.45981,-1.31748
1.73444e+09,9.50842,-2.45593,-1.32352
1.73444e+09,9.53238,-2.45205,-1.32955
1.73444e+09,9.55634,-2.44817,-1.33554
1.73444e+09,9.58031,-2.44429,-1.34153
1.73444e+09,9.60428,-2.44042,-1.34748
1.73444e+09,9.62826,-2.43654,-1.35342
1.73444e+09,9.65225,-2.43267,-1.35932
1.73444e+09,9.67624,-2.42879,-1.36522
1.73444e+09,9.70024,-2.42492,-1.37108
1.73444e+09,9.72424,-2.42105,-1.37693
1.73444e+09,9.74825,-2.41718,-1.38275
1.73444e+09,9.77226,-2.41331,-1.38855
1.73444e+09,9.79628,-2.40944,-1.39431
1.73444e+09,9.8203,-2.40558,-1.40007
1.73444e+09,9.84433,-2.40171,-1.4058
1.73444e+09,9.86836,-2.39785,-1.4115
1.73444e+09,9.8924,-2.39398,-1.41717
1.73444e+09,9.91645,-2.39012,-1.42283
1.73444e+09,9.9405,-2.38626,-1.42846
1.73444e+09,9.96455,-2.3824,-1.43408
1.73444e+09,9.98862,-2.37854,-1.43965
1.73444e+09,10.0127,-2.37468,-1.44521
1.73444e+09,10.0368,-2.37082,-1.45075
1.73444e+09,10.0608,-2.36697,-1.45627
1.73444e+09,10.0849,-2.36311,-1.46176
1.73444e+09,10.109,-2.35926,-1.46722
1.73444e+09,10.1331,-2.3554,-1.47267
1.73444e+09,10.1572,-2.35155,-1.47809
1.73444e+09,10.1813,-2.3477,-1.48349
1.73444e+09,10.2054,-2.34385,-1.48886
1.73444e+09,10.2296,-2.34,-1.49421
1.73444e+09,10.2537,-2.33615,-1.49953
1.73444e+09,10.2778,-2.3323,-1.50483
1.73444e+09,10.3019,-2.32845,-1.51011
1.73444e+09,10.3261,-2.3246,-1.51537
1.73444e+09,10.3502,-2.32076,-1.52059
1.73444e+09,10.3744,-2.31691,-1.52581
1.73444e+09,10.3985,-2.31307,-1.53098
1.73444e+09,10.4227,-2.30922,-1.53615
1.73444e+09,10.4469,-2.30538,-1.54128
1.73444e+09,10.471,-2.30154,-1.54639
1.73444e+09,10.4952,-2.2977,-1.55147
1.73444e+09,10.5194,-2.29386,-1.55654
1.73444e+09,10.5436,-2.29002,-1.56157
1.73444e+09,10.5678,-2.28618,-1.56659
1.73444e+09,10.592,-2.28234,-1.57157
1.73444e+09,10.6162,-2.2785,-1.57653
1.73444e+09,10.6404,-2.27467,-1.58147
1.73444e+09,10.6646,-2.27083,-1.5864
1.73444e+09,10.6888,-2.267,-1.59129
1.73444e+09,10.713,-2.26317,-1.59616
1.73444e+09,10.7373,-2.25933,-1.601
1.73444e+09,10.7615,-2.2555,-1.60582
1.73444e+09,10.7857,-2.25167,-1.61062
1.73444e+09,10.81,-2.24784,-1.61539
1.73444e+09,10.8342,-2.24401,-1.62014
1.73444e+09,10.8585,-2.24018,-1.62486
1.73444e+09,10.8827,-2.23635,-1.62956
1.73444e+09,10.907,-2.23253,-1.63424
1.73444e+09,10.9313,-2.2287,-1.63889
1.73444e+09,10.9555,-2.22487,-1.64352
1.73444e+09,10.9798,-2.22104,-1.64813
1.73444e+09,11.0041,-2.21722,-1.65271
1.73444e+09,11.0284,-2.21339,-1.65727
1.73444e+09,11.0527,-2.20957,-1.6618
1.73444e+09,11.077,-2.20575,-1.66631
1.73444e+09,11.1013,-2.20192,-1.67079
1.73444e+09,11.1256,-2.1981,-1.67526
1.73444e+09,11.1499,-2.19428,-1.67969
1.73444e+09,11.1742,-2.19046,-1.68411
1.73444e+09,11.1985,-2.18664,-1.68849
1.73444e+09,11.2228,-2.18282,-1.69286
1.73444e+09,11.2471,-2.179,-1.69719
1.73444e+09,11.2715,-2.17518,-1.70153
1.73444e+09,11.2958,-2.17136,-1.70581
1.73444e+09,11.3201,-2.16755,-1.71008
1.73444e+09,11.3445,-2.16373,-1.71432
1.73444e+09,11.3688,-2.15992,-1.71856
1.73444e+09,11.3932,-2.1561,-1.72275
1.73444e+09,11.4175,-2.15228,-1.72693
1.73444e+09,11.4419,-2.14847,-1.73107
1.73444e+09,11.4662,-2.14465,-1.73521
1.73444e+09,11.4906,-2.14084,-1.73931
1.73444e+09,11.515,-2.13703,-1.7434
1.73444e+09,11.5394,-2.13321,-1.74745
1.73444e+09,11.5637,-2.1294,-1.75148
1.73444e+09,11.5881,-2.12559,-1.7555
1.73444e+09,11.6125,-2.12178,-1.75949
1.73444e+09,11.6369,-2.11796,-1.76345
1.73444e+09,11.6613,-2.11415,-1.76739
1.73444e+09,11.6857,-2.11034,-1.77132
1.73444e+09,11.7101,-2.10653,-1.77521
1.73444e+09,11.7345,-2.10273,-1.77909
1.73444e+09,11.7589,-2.09892,-1.78294
1.73444e+09,11.7833,-2.09511,-1.78676
1.73444e+09,11.8077,-2.0913,-1.79056
1.73444e+09,11.8322,-2.0875,-1.79434
1.73444e+09,11.8566,-2.08369,-1.7981
1.73444e+09,11.881,-2.07988,-1.80185
1.73444e+09,11.9054,-2.07608,-1.80555
1.73444e+09,11.9299,-2.07227,-1.80924
1.73444e+09,11.9543,-2.06847,-1.8129
1.73444e+09,11.9788,-2.06466,-1.81656
1.73444e+09,12.0032,-2.06086,-1.82017
1.73444e+09,12.0276,-2.05706,-1.82377
1.73444e+09,12.0521,-2.05325,-1.82735
1.73444e+09,12.0766,-2.04945,-1.83091
1.73444e+09,12.101,-2.04565,-1.83444
1.73444e+09,12.1255,-2.04184,-1.83795
1.73444e+09,12.1499,-2.03804,-1.84143
1.73444e+09,12.1744,-2.03424,-1.84491
1.73444e+09,12.1989,-2.03044,-1.84834
1.73444e+09,12.2233,-2.02664,-1.85178
1.73444e+09,12.2478,-2.02284,-1.85516
1.73444e+09,12.2723,-2.01904,-1.85855
1.73444e+09,12.2968,-2.01524,-1.8619
1.73444e+09,12.3213,-2.01144,-1.86524
1.73444e+09,12.3458,-2.00764,-1.86855
1.73444e+09,12.3703,-2.00384,-1.87185
1.73444e+09,12.3948,-2.00004,-1.87511
1.73444e+09,12.4192,-1.99624,-1.87836
1.73444e+09,12.4438,-1.99244,-1.88158
1.73444e+09,12.4683,-1.98865,-1.8848
1.73444e+09,12.4928,-1.98485,-1.88797
1.73444e+09,12.5173,-1.98105,-1.89114
1.73444e+09,12.5418,-1.97726,-1.89427
1.73444e+09,12.5663,-1.97346,-1.8974
1.73444e+09,12.5908,-1.96966,-1.9005
1.73444e+09,12.6153,-1.96587,-1.90358
1.73444e+09,12.6399,-1.96207,-1.90663
1.73444e+09,12.6644,-1.95828,-1.90967
1.73444e+09,12.6889,-1.95448,-1.91269
1.73444e+09,12.7134,-1.95069,-1.91568
1.73444e+09,12.738,-1.94689,-1.91865
1.73444e+09,12.7625,-1.9431,-1.92161
1.73444e+09,12.7871,-1.9393,-1.92455
1.73444e+09,12.8116,-1.93551,-1.92746
1.73444e+09,12.8361,-1.93172,-1.93035
1.73444e+09,12.8607,-1.92792,-1.93322
1.73444e+09,12.8852,-1.92413,-1.93608
1.73444e+09,12.9098,-1.92033,-1.93891
1.73444e+09,12.9343,-1.91654,-1.94172
1.73444e+09,12.9589,-1.91275,-1.94451
1.73444e+09,12.9835,-1.90895,-1.94729
1.73444e+09,13.008,-1.90516,-1.95004
1.73444e+09,13.0326,-1.90137,-1.95278
1.73444e+09,13.0571,-1.89758,-1.95549
1.73444e+09,13.0817,-1.89378,-1.95819
1.73444e+09,13.1063,-1.88999,-1.96086
1.73444e+09,13.1308,-1.8862,-1.96351
1.73444e+09,13.1554,-1.88241,-1.96615
1.73444e+09,13.18,-1.87862,-1.96877
1.73444e+09,13.2046,-1.87483,-1.97136
1.73444e+09,13.2291,-1.87104,-1.97394
1.73444e+09,13.2537,-1.86725,-1.9765
1.73444e+09,13.2783,-1.86346,-1.97905
1.73444e+09,13.3029,-1.85967,-1.98157
1.73444e+09,13.3275,-1.85588,-1.98408
1.73444e+09,13.3521,-1.85209,-1.98656
1.73444e+09,13.3767,-1.8483,-1.98903
1.73444e+09,13.4012,-1.84451,-1.99148
1.73444e+09,13.4258,-1.84072,-1.99391
1.73444e+09,13.4504,-1.83693,-1.99631
1.73444e+09,13.475,-1.83314,-1.99871
1.73444e+09,13.4996,-1.82935,-2.00108
