X,Y,Z
-14.0,-4.0,0.0
-13.985,-4.0,0.0
-13.969999999999999,-4.0,0.0
-13.954999999999998,-4.0,0.0
-13.939999999999998,-4.0,0.0
-13.924999999999997,-4.0,0.0
-13.909999999999997,-4.0,0.0
-13.894999999999996,-4.0,0.0
-13.879999999999995,-4.0,0.0
-13.864999999999995,-4.0,0.0
-13.849999999999994,-4.0,0.0
-13.834999999999994,-4.0,0.0
-13.819999999999993,-4.0,0.0
-13.804999999999993,-4.0,0.0
-13.789999999999992,-4.0,0.0
-13.774999999999991,-4.0,0.0
-13.759999999999991,-4.0,0.0
-13.74499999999999,-4.0,0.0
-13.72999999999999,-4.0,0.0
-13.71499999999999,-4.0,0.0
-13.699999999999989,-4.0,0.0
-13.684999999999988,-4.0,0.0
-13.669999999999987,-4.0,0.0
-13.654999999999987,-4.0,0.0
-13.639999999999986,-4.0,0.0
-13.624999999999986,-4.0,0.0
-13.609999999999985,-4.0,0.0
-13.594999999999985,-4.0,0.0
-13.579999999999984,-4.0,0.0
-13.564999999999984,-4.0,0.0
-13.549999999999983,-4.0,0.0
-13.534999999999982,-4.0,0.0
-13.519999999999982,-4.0,0.0
-13.504999999999981,-4.0,0.0
-13.48999999999998,-4.0,0.0
-13.47499999999998,-4.0,0.0
-13.45999999999998,-4.0,0.0
-13.444999999999979,-4.0,0.0
-13.429999999999978,-4.0,0.0
-13.414999999999978,-4.0,0.0
-13.399999999999977,-4.0,0.0
-13.384999999999977,-4.0,0.0
-13.369999999999976,-4.0,0.0
-13.354999999999976,-4.0,0.0
-13.339999999999975,-4.0,0.0
-13.324999999999974,-4.0,0.0
-13.309999999999974,-4.0,0.0
-13.294999999999973,-4.0,0.0
-13.279999999999973,-4.0,0.0
-13.264999999999972,-4.0,0.0
-13.249999999999972,-4.0,0.0
-13.234999999999971,-4.0,0.0
-13.21999999999997,-4.0,0.0
-13.20499999999997,-4.0,0.0
-13.18999999999997,-4.0,0.0
-13.174999999999969,-4.0,0.0
-13.159999999999968,-4.0,0.0
-13.144999999999968,-4.0,0.0
-13.129999999999967,-4.0,0.0
-13.114999999999966,-4.0,0.0
-13.099999999999966,-4.0,0.0
-13.084999999999965,-4.0,0.0
-13.069999999999965,-4.0,0.0
-13.054999999999964,-4.0,0.0
-13.039999999999964,-4.0,0.0
-13.024999999999963,-4.0,0.0
-13.009999999999962,-4.0,0.0
-12.994999999999962,-4.0,0.0
-12.979999999999961,-4.0,0.0
-12.96499999999996,-4.0,0.0
-12.94999999999996,-4.0,0.0
-12.93499999999996,-4.0,0.0
-12.919999999999959,-4.0,0.0
-12.904999999999959,-4.0,0.0
-12.889999999999958,-4.0,0.0
-12.874999999999957,-4.0,0.0
-12.859999999999957,-4.0,0.0
-12.844999999999956,-4.0,0.0
-12.829999999999956,-4.0,0.0
-12.814999999999955,-4.0,0.0
-12.799999999999955,-4.0,0.0
-12.784999999999954,-4.0,0.0
-12.769999999999953,-4.0,0.0
-12.754999999999953,-4.0,0.0
-12.739999999999952,-4.0,0.0
-12.724999999999952,-4.0,0.0
-12.709999999999951,-4.0,0.0
-12.69499999999995,-4.0,0.0
-12.67999999999995,-4.0,0.0
-12.66499999999995,-4.0,0.0
-12.649999999999949,-4.0,0.0
-12.634999999999948,-4.0,0.0
-12.619999999999948,-4.0,0.0
-12.604999999999947,-4.0,0.0
-12.589999999999947,-4.0,0.0
-12.574999999999946,-4.0,0.0
-12.559999999999945,-4.0,0.0
-12.544999999999945,-4.0,0.0
-12.529999999999944,-4.0,0.0
-12.514999999999944,-4.0,0.0
-12.499999999999943,-4.0,0.0
-12.484999999999943,-4.0,0.0
-12.469999999999942,-4.0,0.0
-12.454999999999941,-4.0,0.0
-12.43999999999994,-4.0,0.0
-12.42499999999994,-4.0,0.0
-12.40999999999994,-4.0,0.0
-12.39499999999994,-4.0,0.0
-12.379999999999939,-4.0,0.0
-12.364999999999938,-4.0,0.0
-12.349999999999937,-4.0,0.0
-12.334999999999937,-4.0,0.0
-12.319999999999936,-4.0,0.0
-12.304999999999936,-4.0,0.0
-12.289999999999935,-4.0,0.0
-12.274999999999935,-4.0,0.0
-12.259999999999934,-4.0,0.0
-12.244999999999933,-4.0,0.0
-12.229999999999933,-4.0,0.0
-12.214999999999932,-4.0,0.0
-12.199999999999932,-4.0,0.0
-12.184999999999931,-4.0,0.0
-12.16999999999993,-4.0,0.0
-12.15499999999993,-4.0,0.0
-12.13999999999993,-4.0,0.0
-12.124999999999929,-4.0,0.0
-12.109999999999928,-4.0,0.0
-12.094999999999928,-4.0,0.0
-12.079999999999927,-4.0,0.0
-12.064999999999927,-4.0,0.0
-12.049999999999926,-4.0,0.0
-12.034999999999926,-4.0,0.0
-12.019999999999925,-4.0,0.0
-12.004999999999924,-4.0,0.0
-11.989999999999924,-4.0,0.0
-11.974999999999923,-4.0,0.0
-11.959999999999923,-4.0,0.0
-11.944999999999922,-4.0,0.0
-11.929999999999922,-4.0,0.0
-11.914999999999921,-4.0,0.0
-11.89999999999992,-4.0,0.0
-11.88499999999992,-4.0,0.0
-11.86999999999992,-4.0,0.0
-11.854999999999919,-4.0,0.0
-11.839999999999918,-4.0,0.0
-11.824999999999918,-4.0,0.0
-11.809999999999917,-4.0,0.0
-11.794999999999916,-4.0,0.0
-11.779999999999916,-4.0,0.0
-11.764999999999915,-4.0,0.0
-11.749999999999915,-4.0,0.0
-11.734999999999914,-4.0,0.0
-11.719999999999914,-4.0,0.0
-11.704999999999913,-4.0,0.0
-11.689999999999912,-4.0,0.0
-11.674999999999912,-4.0,0.0
-11.659999999999911,-4.0,0.0
-11.64499999999991,-4.0,0.0
-11.62999999999991,-4.0,0.0
-11.61499999999991,-4.0,0.0
-11.599999999999909,-4.0,0.0
-11.584999999999908,-4.0,0.0
-11.569999999999908,-4.0,0.0
-11.554999999999907,-4.0,0.0
-11.539999999999907,-4.0,0.0
-11.524999999999906,-4.0,0.0
-11.509999999999906,-4.0,0.0
-11.494999999999905,-4.0,0.0
-11.479999999999905,-4.0,0.0
-11.464999999999904,-4.0,0.0
-11.449999999999903,-4.0,0.0
-11.434999999999903,-4.0,0.0
-11.419999999999902,-4.0,0.0
-11.404999999999902,-4.0,0.0
-11.389999999999901,-4.0,0.0
-11.3749999999999,-4.0,0.0
-11.3599999999999,-4.0,0.0
-11.3449999999999,-4.0,0.0
-11.329999999999899,-4.0,0.0
-11.314999999999898,-4.0,0.0
-11.299999999999898,-4.0,0.0
-11.284999999999897,-4.0,0.0
-11.269999999999897,-4.0,0.0
-11.254999999999896,-4.0,0.0
-11.239999999999895,-4.0,0.0
-11.224999999999895,-4.0,0.0
-11.209999999999894,-4.0,0.0
-11.194999999999894,-4.0,0.0
-11.179999999999893,-4.0,0.0
-11.164999999999893,-4.0,0.0
-11.149999999999892,-4.0,0.0
-11.134999999999891,-4.0,0.0
-11.11999999999989,-4.0,0.0
-11.10499999999989,-4.0,0.0
-11.08999999999989,-4.0,0.0
-11.07499999999989,-4.0,0.0
-11.059999999999889,-4.0,0.0
-11.044999999999888,-4.0,0.0
-11.029999999999887,-4.0,0.0
-11.014999999999887,-4.0,0.0
-10.999999999999886,-4.0,0.0
-10.984999999999886,-4.0,0.0
-10.969999999999885,-4.0,0.0
-10.954999999999885,-4.0,0.0
-10.939999999999884,-4.0,0.0
-10.924999999999883,-4.0,0.0
-10.909999999999883,-4.0,0.0
-10.894999999999882,-4.0,0.0
-10.879999999999882,-4.0,0.0
-10.864999999999881,-4.0,0.0
-10.84999999999988,-4.0,0.0
-10.83499999999988,-4.0,0.0
-10.81999999999988,-4.0,0.0
-10.804999999999879,-4.0,0.0
-10.789999999999878,-4.0,0.0
-10.774999999999878,-4.0,0.0
-10.759999999999877,-4.0,0.0
-10.744999999999877,-4.0,0.0
-10.729999999999876,-4.0,0.0
-10.714999999999876,-4.0,0.0
-10.699999999999875,-4.0,0.0
-10.684999999999874,-4.0,0.0
-10.669999999999874,-4.0,0.0
-10.654999999999873,-4.0,0.0
-10.639999999999873,-4.0,0.0
-10.624999999999872,-4.0,0.0
-10.609999999999872,-4.0,0.0
-10.594999999999871,-4.0,0.0
-10.57999999999987,-4.0,0.0
-10.56499999999987,-4.0,0.0
-10.54999999999987,-4.0,0.0
-10.534999999999869,-4.0,0.0
-10.519999999999868,-4.0,0.0
-10.504999999999868,-4.0,0.0
-10.489999999999867,-4.0,0.0
-10.474999999999866,-4.0,0.0
-10.459999999999866,-4.0,0.0
-10.444999999999865,-4.0,0.0
-10.429999999999865,-4.0,0.0
-10.414999999999864,-4.0,0.0
-10.399999999999864,-4.0,0.0
-10.384999999999863,-4.0,0.0
-10.369999999999862,-4.0,0.0
-10.354999999999862,-4.0,0.0
-10.339999999999861,-4.0,0.0
-10.32499999999986,-4.0,0.0
-10.30999999999986,-4.0,0.0
-10.29499999999986,-4.0,0.0
-10.279999999999859,-4.0,0.0
-10.264999999999858,-4.0,0.0
-10.249999999999858,-4.0,0.0
-10.234999999999857,-4.0,0.0
-10.219999999999857,-4.0,0.0
-10.204999999999856,-4.0,0.0
-10.189999999999856,-4.0,0.0
-10.174999999999855,-4.0,0.0
-10.159999999999854,-4.0,0.0
-10.144999999999854,-4.0,0.0
-10.129999999999853,-4.0,0.0
-10.114999999999853,-4.0,0.0
-10.099999999999852,-4.0,0.0
-10.084999999999852,-4.0,0.0
-10.069999999999851,-4.0,0.0
-10.05499999999985,-4.0,0.0
-10.03999999999985,-4.0,0.0
-10.02499999999985,-4.0,0.0
-10.009999999999849,-4.0,0.0
-9.994999999999848,-4.0,0.0
-9.979999999999848,-4.0,0.0
-9.964999999999847,-4.0,0.0
-9.949999999999847,-4.0,0.0
-9.934999999999846,-4.0,0.0
-9.919999999999845,-4.0,0.0
-9.904999999999845,-4.0,0.0
-9.889999999999844,-4.0,0.0
-9.874999999999844,-4.0,0.0
-9.859999999999843,-4.0,0.0
-9.844999999999843,-4.0,0.0
-9.829999999999842,-4.0,0.0
-9.814999999999841,-4.0,0.0
-9.79999999999984,-4.0,0.0
-9.78499999999984,-4.0,0.0
-9.76999999999984,-4.0,0.0
-9.75499999999984,-4.0,0.0
-9.739999999999839,-4.0,0.0
-9.724999999999838,-4.0,0.0
-9.709999999999837,-4.0,0.0
-9.694999999999837,-4.0,0.0
-9.679999999999836,-4.0,0.0
-9.664999999999836,-4.0,0.0
-9.649999999999835,-4.0,0.0
-9.634999999999835,-4.0,0.0
-9.619999999999834,-4.0,0.0
-9.604999999999833,-4.0,0.0
-9.589999999999833,-4.0,0.0
-9.574999999999832,-4.0,0.0
-9.559999999999832,-4.0,0.0
-9.544999999999831,-4.0,0.0
-9.52999999999983,-4.0,0.0
-9.51499999999983,-4.0,0.0
-9.49999999999983,-4.0,0.0
-9.484999999999829,-4.0,0.0
-9.469999999999828,-4.0,0.0
-9.454999999999828,-4.0,0.0
-9.439999999999827,-4.0,0.0
-9.424999999999827,-4.0,0.0
-9.409999999999826,-4.0,0.0
-9.394999999999825,-4.0,0.0
-9.379999999999825,-4.0,0.0
-9.364999999999824,-4.0,0.0
-9.349999999999824,-4.0,0.0
-9.334999999999823,-4.0,0.0
-9.319999999999823,-4.0,0.0
-9.304999999999822,-4.0,0.0
-9.289999999999822,-4.0,0.0
-9.274999999999821,-4.0,0.0
-9.25999999999982,-4.0,0.0
-9.24499999999982,-4.0,0.0
-9.22999999999982,-4.0,0.0
-9.214999999999819,-4.0,0.0
-9.199999999999818,-4.0,0.0
-9.184999999999818,-4.0,0.0
-9.169999999999817,-4.0,0.0
-9.154999999999816,-4.0,0.0
-9.139999999999816,-4.0,0.0
-9.124999999999815,-4.0,0.0
-9.109999999999815,-4.0,0.0
-9.094999999999814,-4.0,0.0
-9.079999999999814,-4.0,0.0
-9.064999999999813,-4.0,0.0
-9.049999999999812,-4.0,0.0
-9.034999999999812,-4.0,0.0
-9.019999999999811,-4.0,0.0
-9.00499999999981,-4.0,0.0
-8.98999999999981,-4.0,0.0
-8.97499999999981,-4.0,0.0
-8.959999999999809,-4.0,0.0
-8.944999999999808,-4.0,0.0
-8.929999999999808,-4.0,0.0
-8.914999999999807,-4.0,0.0
-8.899999999999807,-4.0,0.0
-8.884999999999806,-4.0,0.0
-8.869999999999806,-4.0,0.0
-8.854999999999805,-4.0,0.0
-8.839999999999804,-4.0,0.0
-8.824999999999804,-4.0,0.0
-8.809999999999803,-4.0,0.0
-8.794999999999803,-4.0,0.0
-8.779999999999802,-4.0,0.0
-8.764999999999802,-4.0,0.0
-8.749999999999801,-4.0,0.0
-8.7349999999998,-4.0,0.0
-8.7199999999998,-4.0,0.0
-8.7049999999998,-4.0,0.0
-8.689999999999799,-4.0,0.0
-8.674999999999798,-4.0,0.0
-8.659999999999798,-4.0,0.0
-8.644999999999797,-4.0,0.0
-8.629999999999797,-4.0,0.0
-8.614999999999796,-4.0,0.0
-8.599999999999795,-4.0,0.0
-8.584999999999795,-4.0,0.0
-8.569999999999794,-4.0,0.0
-8.554999999999794,-4.0,0.0
-8.539999999999793,-4.0,0.0
-8.524999999999793,-4.0,0.0
-8.509999999999792,-4.0,0.0
-8.494999999999791,-4.0,0.0
-8.47999999999979,-4.0,0.0
-8.46499999999979,-4.0,0.0
-8.44999999999979,-4.0,0.0
-8.434999999999789,-4.0,0.0
-8.419999999999789,-4.0,0.0
-8.404999999999788,-4.0,0.0
-8.389999999999787,-4.0,0.0
-8.374999999999787,-4.0,0.0
-8.359999999999786,-4.0,0.0
-8.344999999999786,-4.0,0.0
-8.329999999999785,-4.0,0.0
-8.314999999999785,-4.0,0.0
-8.299999999999784,-4.0,0.0
-8.284999999999783,-4.0,0.0
-8.269999999999783,-4.0,0.0
-8.254999999999782,-4.0,0.0
-8.239999999999782,-4.0,0.0
-8.224999999999781,-4.0,0.0
-8.20999999999978,-4.0,0.0
-8.19499999999978,-4.0,0.0
-8.17999999999978,-4.0,0.0
-8.164999999999779,-4.0,0.0
-8.149999999999778,-4.0,0.0
-8.134999999999778,-4.0,0.0
-8.119999999999777,-4.0,0.0
-8.104999999999777,-4.0,0.0
-8.089999999999776,-4.0,0.0
-8.074999999999775,-4.0,0.0
-8.059999999999775,-4.0,0.0
-8.044999999999774,-4.0,0.0
-8.029999999999774,-4.0,0.0
-8.014999999999773,-4.0,0.0
-7.9999999999997735,-4.0,0.0
-7.984999999999774,-4.0,0.0
-7.969999999999774,-4.0,0.0
-7.9549999999997745,-4.0,0.0
-7.939999999999775,-4.0,0.0
-7.924999999999775,-4.0,0.0
-7.909999999999775,-4.0,0.0
-7.894999999999776,-4.0,0.0
-7.879999999999776,-4.0,0.0
-7.864999999999776,-4.0,0.0
-7.849999999999777,-4.0,0.0
-7.834999999999777,-4.0,0.0
-7.819999999999777,-4.0,0.0
-7.804999999999778,-4.0,0.0
-7.789999999999778,-4.0,0.0
-7.774999999999778,-4.0,0.0
-7.759999999999779,-4.0,0.0
-7.744999999999779,-4.0,0.0
-7.729999999999779,-4.0,0.0
-7.71499999999978,-4.0,0.0
-7.69999999999978,-4.0,0.0
-7.68499999999978,-4.0,0.0
-7.6699999999997805,-4.0,0.0
-7.654999999999781,-4.0,0.0
-7.639999999999781,-4.0,0.0
-7.6249999999997815,-4.0,0.0
-7.609999999999782,-4.0,0.0
-7.594999999999782,-4.0,0.0
-7.5799999999997825,-4.0,0.0
-7.564999999999783,-4.0,0.0
-7.549999999999783,-4.0,0.0
-7.534999999999783,-4.0,0.0
-7.519999999999784,-4.0,0.0
-7.504999999999784,-4.0,0.0
-7.489999999999784,-4.0,0.0
-7.474999999999785,-4.0,0.0
-7.459999999999785,-4.0,0.0
-7.444999999999785,-4.0,0.0
-7.429999999999786,-4.0,0.0
-7.414999999999786,-4.0,0.0
-7.399999999999786,-4.0,0.0
-7.384999999999787,-4.0,0.0
-7.369999999999787,-4.0,0.0
-7.354999999999787,-4.0,0.0
-7.339999999999788,-4.0,0.0
-7.324999999999788,-4.0,0.0
-7.309999999999788,-4.0,0.0
-7.2949999999997885,-4.0,0.0
-7.279999999999789,-4.0,0.0
-7.264999999999789,-4.0,0.0
-7.2499999999997895,-4.0,0.0
-7.23499999999979,-4.0,0.0
-7.21999999999979,-4.0,0.0
-7.2049999999997905,-4.0,0.0
-7.189999999999791,-4.0,0.0
-7.174999999999791,-4.0,0.0
-7.159999999999791,-4.0,0.0
-7.144999999999792,-4.0,0.0
-7.129999999999792,-4.0,0.0
-7.114999999999792,-4.0,0.0
-7.099999999999793,-4.0,0.0
-7.084999999999793,-4.0,0.0
-7.069999999999793,-4.0,0.0
-7.054999999999794,-4.0,0.0
-7.039999999999794,-4.0,0.0
-7.024999999999794,-4.0,0.0
-7.009999999999795,-4.0,0.0
-6.994999999999795,-4.0,0.0
-6.979999999999795,-4.0,0.0
-6.964999999999796,-4.0,0.0
-6.949999999999796,-4.0,0.0
-6.934999999999796,-4.0,0.0
-6.9199999999997965,-4.0,0.0
-6.904999999999797,-4.0,0.0
-6.889999999999797,-4.0,0.0
-6.8749999999997975,-4.0,0.0
-6.859999999999798,-4.0,0.0
-6.844999999999798,-4.0,0.0
-6.8299999999997985,-4.0,0.0
-6.814999999999799,-4.0,0.0
-6.799999999999799,-4.0,0.0
-6.784999999999799,-4.0,0.0
-6.7699999999998,-4.0,0.0
-6.7549999999998,-4.0,0.0
-6.7399999999998,-4.0,0.0
-6.724999999999801,-4.0,0.0
-6.709999999999801,-4.0,0.0
-6.694999999999801,-4.0,0.0
-6.679999999999802,-4.0,0.0
-6.664999999999802,-4.0,0.0
-6.649999999999802,-4.0,0.0
-6.634999999999803,-4.0,0.0
-6.619999999999803,-4.0,0.0
-6.604999999999803,-4.0,0.0
-6.589999999999804,-4.0,0.0
-6.574999999999804,-4.0,0.0
-6.559999999999804,-4.0,0.0
-6.5449999999998045,-4.0,0.0
-6.529999999999805,-4.0,0.0
-6.514999999999805,-4.0,0.0
-6.4999999999998055,-4.0,0.0
-6.484999999999806,-4.0,0.0
-6.469999999999806,-4.0,0.0
-6.4549999999998064,-4.0,0.0
-6.439999999999807,-4.0,0.0
-6.424999999999807,-4.0,0.0
-6.409999999999807,-4.0,0.0
-6.394999999999808,-4.0,0.0
-6.379999999999808,-4.0,0.0
-6.364999999999808,-4.0,0.0
-6.349999999999809,-4.0,0.0
-6.334999999999809,-4.0,0.0
-6.319999999999809,-4.0,0.0
-6.30499999999981,-4.0,0.0
-6.28999999999981,-4.0,0.0
-6.27499999999981,-4.0,0.0
-6.259999999999811,-4.0,0.0
-6.244999999999811,-4.0,0.0
-6.229999999999811,-4.0,0.0
-6.214999999999812,-4.0,0.0
-6.199999999999812,-4.0,0.0
-6.184999999999812,-4.0,0.0
-6.1699999999998125,-4.0,0.0
-6.154999999999813,-4.0,0.0
-6.139999999999813,-4.0,0.0
-6.1249999999998135,-4.0,0.0
-6.109999999999814,-4.0,0.0
-6.094999999999814,-4.0,0.0
-6.079999999999814,-4.0,0.0
-6.064999999999815,-4.0,0.0
-6.049999999999815,-4.0,0.0
-6.034999999999815,-4.0,0.0
-6.019999999999816,-4.0,0.0
-6.004999999999816,-4.0,0.0
-5.989999999999816,-4.0,0.0
-5.974999999999817,-4.0,0.0
-5.959999999999817,-4.0,0.0
-5.944999999999817,-4.0,0.0
-5.929999999999818,-4.0,0.0
-5.914999999999818,-4.0,0.0
-5.899999999999818,-4.0,0.0
-5.884999999999819,-4.0,0.0
-5.869999999999819,-4.0,0.0
-5.854999999999819,-4.0,0.0
-5.83999999999982,-4.0,0.0
-5.82499999999982,-4.0,0.0
-5.80999999999982,-4.0,0.0
-5.7949999999998205,-4.0,0.0
-5.779999999999821,-4.0,0.0
-5.764999999999821,-4.0,0.0
-5.7499999999998215,-4.0,0.0
-5.734999999999822,-4.0,0.0
-5.719999999999822,-4.0,0.0
-5.704999999999822,-4.0,0.0
-5.689999999999823,-4.0,0.0
-5.674999999999823,-4.0,0.0
-5.659999999999823,-4.0,0.0
-5.644999999999824,-4.0,0.0
-5.629999999999824,-4.0,0.0
-5.614999999999824,-4.0,0.0
-5.599999999999825,-4.0,0.0
-5.584999999999825,-4.0,0.0
-5.569999999999825,-4.0,0.0
-5.554999999999826,-4.0,0.0
-5.539999999999826,-4.0,0.0
-5.524999999999826,-4.0,0.0
-5.509999999999827,-4.0,0.0
-5.494999999999827,-4.0,0.0
-5.479999999999827,-4.0,0.0
-5.4649999999998276,-4.0,0.0
-5.449999999999828,-4.0,0.0
-5.434999999999828,-4.0,0.0
-5.4199999999998285,-4.0,0.0
-5.404999999999829,-4.0,0.0
-5.389999999999829,-4.0,0.0
-5.3749999999998295,-4.0,0.0
-5.35999999999983,-4.0,0.0
-5.34499999999983,-4.0,0.0
-5.32999999999983,-4.0,0.0
-5.314999999999831,-4.0,0.0
-5.299999999999831,-4.0,0.0
-5.284999999999831,-4.0,0.0
-5.269999999999832,-4.0,0.0
-5.254999999999832,-4.0,0.0
-5.239999999999832,-4.0,0.0
-5.224999999999833,-4.0,0.0
-5.209999999999833,-4.0,0.0
-5.194999999999833,-4.0,0.0
-5.179999999999834,-4.0,0.0
-5.164999999999834,-4.0,0.0
-5.149999999999834,-4.0,0.0
-5.134999999999835,-4.0,0.0
-5.119999999999835,-4.0,0.0
-5.104999999999835,-4.0,0.0
-5.0899999999998355,-4.0,0.0
-5.074999999999836,-4.0,0.0
-5.059999999999836,-4.0,0.0
-5.0449999999998365,-4.0,0.0
-5.029999999999837,-4.0,0.0
-5.014999999999837,-4.0,0.0
-4.9999999999998375,-4.0,0.0
-4.984999999999838,-4.0,0.0
-4.969999999999838,-4.0,0.0
-4.954999999999838,-4.0,0.0
-4.939999999999839,-4.0,0.0
-4.924999999999839,-4.0,0.0
-4.909999999999839,-4.0,0.0
-4.89499999999984,-4.0,0.0
-4.87999999999984,-4.0,0.0
-4.86499999999984,-4.0,0.0
-4.849999999999841,-4.0,0.0
-4.834999999999841,-4.0,0.0
-4.819999999999841,-4.0,0.0
-4.804999999999842,-4.0,0.0
-4.789999999999842,-4.0,0.0
-4.774999999999842,-4.0,0.0
-4.759999999999843,-4.0,0.0
-4.744999999999843,-4.0,0.0
-4.729999999999843,-4.0,0.0
-4.7149999999998435,-4.0,0.0
-4.699999999999844,-4.0,0.0
-4.684999999999844,-4.0,0.0
-4.6699999999998445,-4.0,0.0
-4.654999999999845,-4.0,0.0
-4.639999999999845,-4.0,0.0
-4.6249999999998455,-4.0,0.0
-4.609999999999846,-4.0,0.0
-4.594999999999846,-4.0,0.0
-4.579999999999846,-4.0,0.0
-4.564999999999847,-4.0,0.0
-4.549999999999847,-4.0,0.0
-4.534999999999847,-4.0,0.0
-4.519999999999848,-4.0,0.0
-4.504999999999848,-4.0,0.0
-4.489999999999848,-4.0,0.0
-4.474999999999849,-4.0,0.0
-4.459999999999849,-4.0,0.0
-4.444999999999849,-4.0,0.0
-4.42999999999985,-4.0,0.0
-4.41499999999985,-4.0,0.0
-4.39999999999985,-4.0,0.0
-4.384999999999851,-4.0,0.0
-4.369999999999851,-4.0,0.0
-4.354999999999851,-4.0,0.0
-4.3399999999998515,-4.0,0.0
-4.324999999999852,-4.0,0.0
-4.309999999999852,-4.0,0.0
-4.2949999999998525,-4.0,0.0
-4.279999999999853,-4.0,0.0
-4.264999999999853,-4.0,0.0
-4.2499999999998535,-4.0,0.0
-4.234999999999854,-4.0,0.0
-4.219999999999854,-4.0,0.0
-4.204999999999854,-4.0,0.0
-4.189999999999855,-4.0,0.0
-4.174999999999855,-4.0,0.0
-4.159999999999855,-4.0,0.0
-4.144999999999856,-4.0,0.0
-4.129999999999856,-4.0,0.0
-4.114999999999856,-4.0,0.0
-4.099999999999857,-4.0,0.0
-4.084999999999857,-4.0,0.0
-4.069999999999857,-4.0,0.0
-4.054999999999858,-4.0,0.0
-4.039999999999858,-4.0,0.0
-4.024999999999858,-4.0,0.0
-4.009999999999859,-4.0,0.0
-3.9949999999998584,-4.0,0.0
-3.9799999999998583,-4.0,0.0
-3.964999999999858,-4.0,0.0
-3.949999999999858,-4.0,0.0
-3.934999999999858,-4.0,0.0
-3.919999999999858,-4.0,0.0
-3.9049999999998577,-4.0,0.0
-3.8899999999998576,-4.0,0.0
-3.8749999999998574,-4.0,0.0
-3.8599999999998573,-4.0,0.0
-3.844999999999857,-4.0,0.0
-3.829999999999857,-4.0,0.0
-3.814999999999857,-4.0,0.0
-3.799999999999857,-4.0,0.0
-3.7849999999998567,-4.0,0.0
-3.7699999999998566,-4.0,0.0
-3.7549999999998565,-4.0,0.0
-3.7399999999998563,-4.0,0.0
-3.724999999999856,-4.0,0.0
-3.709999999999856,-4.0,0.0
-3.694999999999856,-4.0,0.0
-3.679999999999856,-4.0,0.0
-3.6649999999998557,-4.0,0.0
-3.6499999999998556,-4.0,0.0
-3.6349999999998555,-4.0,0.0
-3.6199999999998553,-4.0,0.0
-3.604999999999855,-4.0,0.0
-3.589999999999855,-4.0,0.0
-3.574999999999855,-4.0,0.0
-3.559999999999855,-4.0,0.0
-3.5449999999998547,-4.0,0.0
-3.5299999999998546,-4.0,0.0
-3.5149999999998545,-4.0,0.0
-3.4999999999998543,-4.0,0.0
-3.484999999999854,-4.0,0.0
-3.469999999999854,-4.0,0.0
-3.454999999999854,-4.0,0.0
-3.439999999999854,-4.0,0.0
-3.4249999999998537,-4.0,0.0
-3.4099999999998536,-4.0,0.0
-3.3949999999998535,-4.0,0.0
-3.3799999999998533,-4.0,0.0
-3.364999999999853,-4.0,0.0
-3.349999999999853,-4.0,0.0
-3.334999999999853,-4.0,0.0
-3.319999999999853,-4.0,0.0
-3.3049999999998527,-4.0,0.0
-3.2899999999998526,-4.0,0.0
-3.2749999999998525,-4.0,0.0
-3.2599999999998523,-4.0,0.0
-3.2449999999998522,-4.0,0.0
-3.229999999999852,-4.0,0.0
-3.214999999999852,-4.0,0.0
-3.199999999999852,-4.0,0.0
-3.1849999999998517,-4.0,0.0
-3.1699999999998516,-4.0,0.0
-3.1549999999998515,-4.0,0.0
-3.1399999999998514,-4.0,0.0
-3.1249999999998512,-4.0,0.0
-3.109999999999851,-4.0,0.0
-3.094999999999851,-4.0,0.0
-3.079999999999851,-4.0,0.0
-3.0649999999998507,-4.0,0.0
-3.0499999999998506,-4.0,0.0
-3.0349999999998505,-4.0,0.0
-3.0199999999998504,-4.0,0.0
-3.0049999999998502,-4.0,0.0
-2.98999999999985,-4.0,0.0
-2.97499999999985,-4.0,0.0
-2.95999999999985,-4.0,0.0
-2.9449999999998497,-4.0,0.0
-2.9299999999998496,-4.0,0.0
-2.9149999999998495,-4.0,0.0
-2.8999999999998494,-4.0,0.0
-2.8849999999998492,-4.0,0.0
-2.869999999999849,-4.0,0.0
-2.854999999999849,-4.0,0.0
-2.839999999999849,-4.0,0.0
-2.8249999999998487,-4.0,0.0
-2.8099999999998486,-4.0,0.0
-2.7949999999998485,-4.0,0.0
-2.7799999999998484,-4.0,0.0
-2.7649999999998482,-4.0,0.0
-2.749999999999848,-4.0,0.0
-2.734999999999848,-4.0,0.0
-2.719999999999848,-4.0,0.0
-2.7049999999998477,-4.0,0.0
-2.6899999999998476,-4.0,0.0
-2.6749999999998475,-4.0,0.0
-2.6599999999998474,-4.0,0.0
-2.6449999999998473,-4.0,0.0
-2.629999999999847,-4.0,0.0
-2.614999999999847,-4.0,0.0
-2.599999999999847,-4.0,0.0
-2.5849999999998468,-4.0,0.0
-2.5699999999998466,-4.0,0.0
-2.5549999999998465,-4.0,0.0
-2.5399999999998464,-4.0,0.0
-2.5249999999998463,-4.0,0.0
-2.509999999999846,-4.0,0.0
-2.494999999999846,-4.0,0.0
-2.479999999999846,-4.0,0.0
-2.4649999999998458,-4.0,0.0
-2.4499999999998456,-4.0,0.0
-2.4349999999998455,-4.0,0.0
-2.4199999999998454,-4.0,0.0
-2.4049999999998453,-4.0,0.0
-2.389999999999845,-4.0,0.0
-2.374999999999845,-4.0,0.0
-2.359999999999845,-4.0,0.0
-2.3449999999998448,-4.0,0.0
-2.3299999999998446,-4.0,0.0
-2.3149999999998445,-4.0,0.0
-2.2999999999998444,-4.0,0.0
-2.2849999999998443,-4.0,0.0
-2.269999999999844,-4.0,0.0
-2.254999999999844,-4.0,0.0
-2.239999999999844,-4.0,0.0
-2.2249999999998438,-4.0,0.0
-2.2099999999998436,-4.0,0.0
-2.1949999999998435,-4.0,0.0
-2.1799999999998434,-4.0,0.0
-2.1649999999998433,-4.0,0.0
-2.149999999999843,-4.0,0.0
-2.134999999999843,-4.0,0.0
-2.119999999999843,-4.0,0.0
-2.1049999999998428,-4.0,0.0
-2.0899999999998427,-4.0,0.0
-2.0749999999998425,-4.0,0.0
-2.0599999999998424,-4.0,0.0
-2.0449999999998423,-4.0,0.0
-2.029999999999842,-4.0,0.0
-2.014999999999842,-4.0,0.0
-1.9999999999998421,-4.0,0.0
-1.9849999999998422,-4.0,0.0
-1.9699999999998423,-4.0,0.0
-1.9549999999998424,-4.0,0.0
-1.9399999999998425,-4.0,0.0
-1.9249999999998426,-4.0,0.0
-1.9099999999998427,-4.0,0.0
-1.8949999999998428,-4.0,0.0
-1.879999999999843,-4.0,0.0
-1.864999999999843,-4.0,0.0
-1.849999999999843,-4.0,0.0
-1.8349999999998432,-4.0,0.0
-1.8199999999998433,-4.0,0.0
-1.8049999999998434,-4.0,0.0
-1.7899999999998435,-4.0,0.0
-1.7749999999998436,-4.0,0.0
-1.7599999999998437,-4.0,0.0
-1.7449999999998438,-4.0,0.0
-1.7299999999998439,-4.0,0.0
-1.714999999999844,-4.0,0.0
-1.699999999999844,-4.0,0.0
-1.6849999999998442,-4.0,0.0
-1.6699999999998443,-4.0,0.0
-1.6549999999998444,-4.0,0.0
-1.6399999999998445,-4.0,0.0
-1.6249999999998446,-4.0,0.0
-1.6099999999998447,-4.0,0.0
-1.5949999999998448,-4.0,0.0
-1.5799999999998449,-4.0,0.0
-1.564999999999845,-4.0,0.0
-1.549999999999845,-4.0,0.0
-1.5349999999998452,-4.0,0.0
-1.5199999999998453,-4.0,0.0
-1.5049999999998454,-4.0,0.0
-1.4899999999998454,-4.0,0.0
-1.4749999999998455,-4.0,0.0
-1.4599999999998456,-4.0,0.0
-1.4449999999998457,-4.0,0.0
-1.4299999999998458,-4.0,0.0
-1.414999999999846,-4.0,0.0
-1.399999999999846,-4.0,0.0
-1.3849999999998461,-4.0,0.0
-1.3699999999998462,-4.0,0.0
-1.3549999999998463,-4.0,0.0
-1.3399999999998464,-4.0,0.0
-1.3249999999998465,-4.0,0.0
-1.3099999999998466,-4.0,0.0
-1.2949999999998467,-4.0,0.0
-1.2799999999998468,-4.0,0.0
-1.264999999999847,-4.0,0.0
-1.249999999999847,-4.0,0.0
-1.234999999999847,-4.0,0.0
-1.2199999999998472,-4.0,0.0
-1.2049999999998473,-4.0,0.0
-1.1899999999998474,-4.0,0.0
-1.1749999999998475,-4.0,0.0
-1.1599999999998476,-4.0,0.0
-1.1449999999998477,-4.0,0.0
-1.1299999999998478,-4.0,0.0
-1.114999999999848,-4.0,0.0
-1.099999999999848,-4.0,0.0
-1.084999999999848,-4.0,0.0
-1.0699999999998482,-4.0,0.0
-1.0549999999998483,-4.0,0.0
-1.0399999999998484,-4.0,0.0
-1.0249999999998485,-4.0,0.0
-1.0099999999998486,-4.0,0.0
-0.9949999999998486,-4.0,0.0
-0.9799999999998485,-4.0,0.0
-0.9649999999998485,-4.0,0.0
-0.9499999999998485,-4.0,0.0
-0.9349999999998485,-4.0,0.0
-0.9199999999998485,-4.0,0.0
-0.9049999999998485,-4.0,0.0
-0.8899999999998485,-4.0,0.0
-0.8749999999998485,-4.0,0.0
-0.8599999999998484,-4.0,0.0
-0.8449999999998484,-4.0,0.0
-0.8299999999998484,-4.0,0.0
-0.8149999999998484,-4.0,0.0
-0.7999999999998484,-4.0,0.0
-0.7849999999998484,-4.0,0.0
-0.7699999999998484,-4.0,0.0
-0.7549999999998483,-4.0,0.0
-0.7399999999998483,-4.0,0.0
-0.7249999999998483,-4.0,0.0
-0.7099999999998483,-4.0,0.0
-0.6949999999998483,-4.0,0.0
-0.6799999999998483,-4.0,0.0
-0.6649999999998483,-4.0,0.0
-0.6499999999998483,-4.0,0.0
-0.6349999999998482,-4.0,0.0
-0.6199999999998482,-4.0,0.0
-0.6049999999998482,-4.0,0.0
-0.5899999999998482,-4.0,0.0
-0.5749999999998482,-4.0,0.0
-0.5599999999998482,-4.0,0.0
-0.5449999999998482,-4.0,0.0
-0.5299999999998481,-4.0,0.0
-0.5149999999998481,-4.0,0.0
-0.4999999999998481,-4.0,0.0
-0.4849999999998481,-4.0,0.0
-0.4699999999998481,-4.0,0.0
-0.4549999999998481,-4.0,0.0
-0.43999999999984807,-4.0,0.0
-0.42499999999984805,-4.0,0.0
-0.40999999999984804,-4.0,0.0
-0.39499999999984803,-4.0,0.0
-0.379999999999848,-4.0,0.0
-0.364999999999848,-4.0,0.0
-0.349999999999848,-4.0,0.0
-0.334999999999848,-4.0,0.0
-0.31999999999984796,-4.0,0.0
-0.30499999999984795,-4.0,0.0
-0.28999999999984793,-4.0,0.0
-0.2749999999998479,-4.0,0.0
-0.2599999999998479,-4.0,0.0
-0.2449999999998479,-4.0,0.0
-0.22999999999984788,-4.0,0.0
-0.21499999999984787,-4.0,0.0
-0.19999999999984786,-4.0,0.0
-0.18499999999984784,-4.0,0.0
-0.16999999999984783,-4.0,0.0
-0.15499999999984782,-4.0,0.0
-0.1399999999998478,-4.0,0.0
-0.1249999999998478,-4.0,0.0
-0.1099999999998478,-4.0,0.0
-0.0949999999998478,-4.0,0.0
-0.0799999999998478,-4.0,0.0
-0.0649999999998478,-4.0,0.0
-0.049999999999847805,-4.0,0.0
-0.034999999999847806,-4.0,0.0
-0.019999999999847806,-4.0,0.0
-0.004999999999847807,-4.0,0.0
0.010000000000152193,-4.0,0.0
0.025000000000152192,-4.0,0.0
0.04000000000015219,-4.0,0.0
0.05500000000015219,-4.0,0.0
0.07000000000015219,-4.0,0.0
0.08500000000015219,-4.0,0.0
0.10000000000015219,-4.0,0.0
0.11500000000015219,-4.0,0.0
0.1300000000001522,-4.0,0.0
0.14500000000015217,-4.0,0.0
0.1600000000001522,-4.0,0.0
0.1750000000001522,-4.0,0.0
0.1900000000001522,-4.0,0.0
0.20500000000015223,-4.0,0.0
0.22000000000015224,-4.0,0.0
0.23500000000015225,-4.0,0.0
0.25000000000015227,-4.0,0.0
0.2650000000001523,-4.0,0.0
0.2800000000001523,-4.0,0.0
0.2950000000001523,-4.0,0.0
0.3100000000001523,-4.0,0.0
0.32500000000015233,-4.0,0.0
0.34000000000015235,-4.0,0.0
0.35500000000015236,-4.0,0.0
0.3700000000001524,-4.0,0.0
0.3850000000001524,-4.0,0.0
0.4000000000001524,-4.0,0.0
0.4150000000001524,-4.0,0.0
0.4300000000001524,-4.0,0.0
0.44500000000015244,-4.0,0.0
0.46000000000015245,-4.0,0.0
0.47500000000015247,-4.0,0.0
0.4900000000001525,-4.0,0.0
0.5050000000001524,-4.0,0.0
0.5200000000001525,-4.0,0.0
0.5350000000001525,-4.0,0.0
0.5500000000001525,-4.0,0.0
0.5650000000001525,-4.0,0.0
0.5800000000001525,-4.0,0.0
0.5950000000001525,-4.0,0.0
0.6100000000001525,-4.0,0.0
0.6250000000001525,-4.0,0.0
0.6400000000001526,-4.0,0.0
0.6550000000001526,-4.0,0.0
0.6700000000001526,-4.0,0.0
0.6850000000001526,-4.0,0.0
0.7000000000001526,-4.0,0.0
0.7150000000001526,-4.0,0.0
0.7300000000001526,-4.0,0.0
0.7450000000001527,-4.0,0.0
0.7600000000001527,-4.0,0.0
0.7750000000001527,-4.0,0.0
0.7900000000001527,-4.0,0.0
0.8050000000001527,-4.0,0.0
0.8200000000001527,-4.0,0.0
0.8350000000001527,-4.0,0.0
0.8500000000001527,-4.0,0.0
0.8650000000001528,-4.0,0.0
0.8800000000001528,-4.0,0.0
0.8950000000001528,-4.0,0.0
0.9100000000001528,-4.0,0.0
0.9250000000001528,-4.0,0.0
0.9400000000001528,-4.0,0.0
0.9550000000001528,-4.0,0.0
0.9700000000001529,-4.0,0.0
0.9850000000001529,-4.0,0.0
1.0000000000001528,-4.0,0.0
1.0150000000001527,-4.0,0.0
1.0300000000001526,-4.0,0.0
1.0450000000001525,-4.0,0.0
1.0600000000001524,-4.0,0.0
1.0750000000001523,-4.0,0.0
1.0900000000001522,-4.0,0.0
1.105000000000152,-4.0,0.0
1.120000000000152,-4.0,0.0
1.1350000000001519,-4.0,0.0
1.1500000000001518,-4.0,0.0
1.1650000000001517,-4.0,0.0
1.1800000000001516,-4.0,0.0
1.1950000000001515,-4.0,0.0
1.2100000000001514,-4.0,0.0
1.2250000000001513,-4.0,0.0
1.2400000000001512,-4.0,0.0
1.255000000000151,-4.0,0.0
1.270000000000151,-4.0,0.0
1.285000000000151,-4.0,0.0
1.3000000000001508,-4.0,0.0
1.3150000000001507,-4.0,0.0
1.3300000000001506,-4.0,0.0
1.3450000000001505,-4.0,0.0
1.3600000000001504,-4.0,0.0
1.3750000000001503,-4.0,0.0
1.3900000000001502,-4.0,0.0
1.4050000000001501,-4.0,0.0
1.42000000000015,-4.0,0.0
1.43500000000015,-4.0,0.0
1.4500000000001498,-4.0,0.0
1.4650000000001497,-4.0,0.0
1.4800000000001496,-4.0,0.0
1.4950000000001495,-4.0,0.0
1.5100000000001494,-4.0,0.0
1.5250000000001493,-4.0,0.0
1.5400000000001492,-4.0,0.0
1.5550000000001492,-4.0,0.0
1.570000000000149,-4.0,0.0
1.585000000000149,-4.0,0.0
1.6000000000001489,-4.0,0.0
1.6150000000001488,-4.0,0.0
1.6300000000001487,-4.0,0.0
1.6450000000001486,-4.0,0.0
1.6600000000001485,-4.0,0.0
1.6750000000001484,-4.0,0.0
1.6900000000001483,-4.0,0.0
1.7050000000001482,-4.0,0.0
1.720000000000148,-4.0,0.0
1.735000000000148,-4.0,0.0
1.7500000000001479,-4.0,0.0
1.7650000000001478,-4.0,0.0
1.7800000000001477,-4.0,0.0
1.7950000000001476,-4.0,0.0
1.8100000000001475,-4.0,0.0
1.8250000000001474,-4.0,0.0
1.8400000000001473,-4.0,0.0
1.8550000000001472,-4.0,0.0
1.870000000000147,-4.0,0.0
1.885000000000147,-4.0,0.0
1.900000000000147,-4.0,0.0
1.9150000000001468,-4.0,0.0
1.9300000000001467,-4.0,0.0
1.9450000000001466,-4.0,0.0
1.9600000000001465,-4.0,0.0
1.9750000000001464,-4.0,0.0
1.9900000000001463,-4.0,0.0
2.0050000000001464,-4.0,0.0
2.0200000000001466,-4.0,0.0
2.0350000000001467,-4.0,0.0
2.050000000000147,-4.0,0.0
2.065000000000147,-4.0,0.0
2.080000000000147,-4.0,0.0
2.095000000000147,-4.0,0.0
2.1100000000001473,-4.0,0.0
2.1250000000001474,-4.0,0.0
2.1400000000001476,-4.0,0.0
2.1550000000001477,-4.0,0.0
2.170000000000148,-4.0,0.0
2.185000000000148,-4.0,0.0
2.200000000000148,-4.0,0.0
2.215000000000148,-4.0,0.0
2.2300000000001483,-4.0,0.0
2.2450000000001484,-4.0,0.0
2.2600000000001486,-4.0,0.0
2.2750000000001487,-4.0,0.0
2.290000000000149,-4.0,0.0
2.305000000000149,-4.0,0.0
2.320000000000149,-4.0,0.0
2.335000000000149,-4.0,0.0
2.3500000000001493,-4.0,0.0
2.3650000000001494,-4.0,0.0
2.3800000000001496,-4.0,0.0
2.3950000000001497,-4.0,0.0
2.41000000000015,-4.0,0.0
2.42500000000015,-4.0,0.0
2.44000000000015,-4.0,0.0
2.45500000000015,-4.0,0.0
2.4700000000001503,-4.0,0.0
2.4850000000001504,-4.0,0.0
2.5000000000001505,-4.0,0.0
2.5150000000001507,-4.0,0.0
2.530000000000151,-4.0,0.0
2.545000000000151,-4.0,0.0
2.560000000000151,-4.0,0.0
2.575000000000151,-4.0,0.0
2.5900000000001513,-4.0,0.0
2.6050000000001514,-4.0,0.0
2.6200000000001515,-4.0,0.0
2.6350000000001517,-4.0,0.0
2.650000000000152,-4.0,0.0
2.665000000000152,-4.0,0.0
2.680000000000152,-4.0,0.0
2.695000000000152,-4.0,0.0
2.7100000000001523,-4.0,0.0
2.7250000000001524,-4.0,0.0
2.7400000000001525,-4.0,0.0
2.7550000000001527,-4.0,0.0
2.770000000000153,-4.0,0.0
2.785000000000153,-4.0,0.0
2.800000000000153,-4.0,0.0
2.815000000000153,-4.0,0.0
2.8300000000001533,-4.0,0.0
2.8450000000001534,-4.0,0.0
2.8600000000001535,-4.0,0.0
2.8750000000001537,-4.0,0.0
2.890000000000154,-4.0,0.0
2.905000000000154,-4.0,0.0
2.920000000000154,-4.0,0.0
2.935000000000154,-4.0,0.0
2.9500000000001543,-4.0,0.0
2.9650000000001544,-4.0,0.0
2.9800000000001545,-4.0,0.0
2.9950000000001546,-4.0,0.0
3.0100000000001548,-4.0,0.0
3.025000000000155,-4.0,0.0
3.040000000000155,-4.0,0.0
3.055000000000155,-4.0,0.0
3.0700000000001553,-4.0,0.0
3.0850000000001554,-4.0,0.0
3.1000000000001555,-4.0,0.0
3.1150000000001556,-4.0,0.0
3.1300000000001558,-4.0,0.0
3.145000000000156,-4.0,0.0
3.160000000000156,-4.0,0.0
3.175000000000156,-4.0,0.0
3.1900000000001563,-4.0,0.0
3.2050000000001564,-4.0,0.0
3.2200000000001565,-4.0,0.0
3.2350000000001566,-4.0,0.0
3.2500000000001568,-4.0,0.0
3.265000000000157,-4.0,0.0
3.280000000000157,-4.0,0.0
3.295000000000157,-4.0,0.0
3.3100000000001573,-4.0,0.0
3.3250000000001574,-4.0,0.0
3.3400000000001575,-4.0,0.0
3.3550000000001576,-4.0,0.0
3.3700000000001578,-4.0,0.0
3.385000000000158,-4.0,0.0
3.400000000000158,-4.0,0.0
3.415000000000158,-4.0,0.0
3.4300000000001583,-4.0,0.0
3.4450000000001584,-4.0,0.0
3.4600000000001585,-4.0,0.0
3.4750000000001586,-4.0,0.0
3.4900000000001588,-4.0,0.0
3.505000000000159,-4.0,0.0
3.520000000000159,-4.0,0.0
3.535000000000159,-4.0,0.0
3.5500000000001593,-4.0,0.0
3.5650000000001594,-4.0,0.0
3.5800000000001595,-4.0,0.0
3.5950000000001596,-4.0,0.0
3.6100000000001597,-4.0,0.0
3.62500000000016,-4.0,0.0
3.64000000000016,-4.0,0.0
3.65500000000016,-4.0,0.0
3.6700000000001602,-4.0,0.0
3.6850000000001604,-4.0,0.0
3.7000000000001605,-4.0,0.0
3.7150000000001606,-4.0,0.0
3.7300000000001607,-4.0,0.0
3.745000000000161,-4.0,0.0
3.760000000000161,-4.0,0.0
3.775000000000161,-4.0,0.0
3.7900000000001612,-4.0,0.0
3.8050000000001614,-4.0,0.0
3.8200000000001615,-4.0,0.0
3.8350000000001616,-4.0,0.0
3.8500000000001617,-4.0,0.0
3.865000000000162,-4.0,0.0
3.880000000000162,-4.0,0.0
3.895000000000162,-4.0,0.0
3.9100000000001622,-4.0,0.0
3.9250000000001624,-4.0,0.0
3.9400000000001625,-4.0,0.0
3.9550000000001626,-4.0,0.0
3.9700000000001627,-4.0,0.0
3.985000000000163,-4.0,0.0
4.0000000000001625,-4.0,0.0
4.015000000000162,-4.0,0.0
4.030000000000162,-4.0,0.0
4.045000000000162,-4.0,0.0
4.060000000000161,-4.0,0.0
4.075000000000161,-4.0,0.0
4.090000000000161,-4.0,0.0
4.10500000000016,-4.0,0.0
4.12000000000016,-4.0,0.0
4.13500000000016,-4.0,0.0
4.150000000000159,-4.0,0.0
4.165000000000159,-4.0,0.0
4.180000000000159,-4.0,0.0
4.195000000000158,-4.0,0.0
4.210000000000158,-4.0,0.0
4.225000000000158,-4.0,0.0
4.240000000000157,-4.0,0.0
4.255000000000157,-4.0,0.0
4.270000000000157,-4.0,0.0
4.2850000000001565,-4.0,0.0
4.300000000000156,-4.0,0.0
4.315000000000156,-4.0,0.0
4.3300000000001555,-4.0,0.0
4.345000000000155,-4.0,0.0
4.360000000000155,-4.0,0.0
4.3750000000001545,-4.0,0.0
4.390000000000154,-4.0,0.0
4.405000000000154,-4.0,0.0
4.420000000000154,-4.0,0.0
4.435000000000153,-4.0,0.0
4.450000000000153,-4.0,0.0
4.465000000000153,-4.0,0.0
4.480000000000152,-4.0,0.0
4.495000000000152,-4.0,0.0
4.510000000000152,-4.0,0.0
4.525000000000151,-4.0,0.0
4.540000000000151,-4.0,0.0
4.555000000000151,-4.0,0.0
4.57000000000015,-4.0,0.0
4.58500000000015,-4.0,0.0
4.60000000000015,-4.0,0.0
4.615000000000149,-4.0,0.0
4.630000000000149,-4.0,0.0
4.645000000000149,-4.0,0.0
4.6600000000001485,-4.0,0.0
4.675000000000148,-4.0,0.0
4.690000000000148,-4.0,0.0
4.7050000000001475,-4.0,0.0
4.720000000000147,-4.0,0.0
4.735000000000147,-4.0,0.0
4.7500000000001465,-4.0,0.0
4.765000000000146,-4.0,0.0
4.780000000000146,-4.0,0.0
4.795000000000146,-4.0,0.0
4.810000000000145,-4.0,0.0
4.825000000000145,-4.0,0.0
4.840000000000145,-4.0,0.0
4.855000000000144,-4.0,0.0
4.870000000000144,-4.0,0.0
4.885000000000144,-4.0,0.0
4.900000000000143,-4.0,0.0
4.915000000000143,-4.0,0.0
4.930000000000143,-4.0,0.0
4.945000000000142,-4.0,0.0
4.960000000000142,-4.0,0.0
4.975000000000142,-4.0,0.0
4.990000000000141,-4.0,0.0
5.005000000000141,-4.0,0.0
5.020000000000141,-4.0,0.0
5.0350000000001405,-4.0,0.0
5.05000000000014,-4.0,0.0
5.06500000000014,-4.0,0.0
5.0800000000001395,-4.0,0.0
5.095000000000139,-4.0,0.0
5.110000000000139,-4.0,0.0
5.1250000000001386,-4.0,0.0
5.140000000000138,-4.0,0.0
5.155000000000138,-4.0,0.0
5.170000000000138,-4.0,0.0
5.185000000000137,-4.0,0.0
5.200000000000137,-4.0,0.0
5.215000000000137,-4.0,0.0
5.230000000000136,-4.0,0.0
5.245000000000136,-4.0,0.0
5.260000000000136,-4.0,0.0
5.275000000000135,-4.0,0.0
5.290000000000135,-4.0,0.0
5.305000000000135,-4.0,0.0
5.320000000000134,-4.0,0.0
5.335000000000134,-4.0,0.0
5.350000000000134,-4.0,0.0
5.365000000000133,-4.0,0.0
5.380000000000133,-4.0,0.0
5.395000000000133,-4.0,0.0
5.4100000000001325,-4.0,0.0
5.425000000000132,-4.0,0.0
5.440000000000132,-4.0,0.0
5.4550000000001315,-4.0,0.0
5.470000000000131,-4.0,0.0
5.485000000000131,-4.0,0.0
5.500000000000131,-4.0,0.0
5.51500000000013,-4.0,0.0
5.53000000000013,-4.0,0.0
5.54500000000013,-4.0,0.0
5.560000000000129,-4.0,0.0
5.575000000000129,-4.0,0.0
5.590000000000129,-4.0,0.0
5.605000000000128,-4.0,0.0
5.620000000000128,-4.0,0.0
5.635000000000128,-4.0,0.0
5.650000000000127,-4.0,0.0
5.665000000000127,-4.0,0.0
5.680000000000127,-4.0,0.0
5.695000000000126,-4.0,0.0
5.710000000000126,-4.0,0.0
5.725000000000126,-4.0,0.0
5.7400000000001254,-4.0,0.0
5.755000000000125,-4.0,0.0
5.770000000000125,-4.0,0.0
5.7850000000001245,-4.0,0.0
5.800000000000124,-4.0,0.0
5.815000000000124,-4.0,0.0
5.8300000000001235,-4.0,0.0
5.845000000000123,-4.0,0.0
5.860000000000123,-4.0,0.0
5.875000000000123,-4.0,0.0
5.890000000000122,-4.0,0.0
5.905000000000122,-4.0,0.0
5.920000000000122,-4.0,0.0
5.935000000000121,-4.0,0.0
5.950000000000121,-4.0,0.0
5.965000000000121,-4.0,0.0
5.98000000000012,-4.0,0.0
5.99500000000012,-4.0,0.0
6.01000000000012,-4.0,0.0
6.025000000000119,-4.0,0.0
6.040000000000119,-4.0,0.0
6.055000000000119,-4.0,0.0
6.070000000000118,-4.0,0.0
6.085000000000118,-4.0,0.0
6.100000000000118,-4.0,0.0
6.1150000000001175,-4.0,0.0
6.130000000000117,-4.0,0.0
6.145000000000117,-4.0,0.0
6.1600000000001165,-4.0,0.0
6.175000000000116,-4.0,0.0
6.190000000000116,-4.0,0.0
6.2050000000001155,-4.0,0.0
6.220000000000115,-4.0,0.0
6.235000000000115,-4.0,0.0
6.250000000000115,-4.0,0.0
6.265000000000114,-4.0,0.0
6.280000000000114,-4.0,0.0
6.295000000000114,-4.0,0.0
6.310000000000113,-4.0,0.0
6.325000000000113,-4.0,0.0
6.340000000000113,-4.0,0.0
6.355000000000112,-4.0,0.0
6.370000000000112,-4.0,0.0
6.385000000000112,-4.0,0.0
6.400000000000111,-4.0,0.0
6.415000000000111,-4.0,0.0
6.430000000000111,-4.0,0.0
6.44500000000011,-4.0,0.0
6.46000000000011,-4.0,0.0
6.47500000000011,-4.0,0.0
6.4900000000001095,-4.0,0.0
6.505000000000109,-4.0,0.0
6.520000000000109,-4.0,0.0
6.5350000000001085,-4.0,0.0
6.550000000000108,-4.0,0.0
6.565000000000108,-4.0,0.0
6.5800000000001075,-4.0,0.0
6.595000000000107,-4.0,0.0
6.610000000000107,-4.0,0.0
6.625000000000107,-4.0,0.0
6.640000000000106,-4.0,0.0
6.655000000000106,-4.0,0.0
6.670000000000106,-4.0,0.0
6.685000000000105,-4.0,0.0
6.700000000000105,-4.0,0.0
6.715000000000105,-4.0,0.0
6.730000000000104,-4.0,0.0
6.745000000000104,-4.0,0.0
6.760000000000104,-4.0,0.0
6.775000000000103,-4.0,0.0
6.790000000000103,-4.0,0.0
6.805000000000103,-4.0,0.0
6.820000000000102,-4.0,0.0
6.835000000000102,-4.0,0.0
6.850000000000102,-4.0,0.0
6.8650000000001015,-4.0,0.0
6.880000000000101,-4.0,0.0
6.895000000000101,-4.0,0.0
6.9100000000001005,-4.0,0.0
6.9250000000001,-4.0,0.0
6.9400000000001,-4.0,0.0
6.9550000000000995,-4.0,0.0
6.970000000000099,-4.0,0.0
6.985000000000099,-4.0,0.0
7.000000000000099,-4.0,0.0
7.015000000000098,-4.0,0.0
7.030000000000098,-4.0,0.0
7.045000000000098,-4.0,0.0
7.060000000000097,-4.0,0.0
7.075000000000097,-4.0,0.0
7.090000000000097,-4.0,0.0
7.105000000000096,-4.0,0.0
7.120000000000096,-4.0,0.0
7.135000000000096,-4.0,0.0
7.150000000000095,-4.0,0.0
7.165000000000095,-4.0,0.0
7.180000000000095,-4.0,0.0
7.195000000000094,-4.0,0.0
7.210000000000094,-4.0,0.0
7.225000000000094,-4.0,0.0
7.2400000000000935,-4.0,0.0
7.255000000000093,-4.0,0.0
7.270000000000093,-4.0,0.0
7.2850000000000925,-4.0,0.0
7.300000000000092,-4.0,0.0
7.315000000000092,-4.0,0.0
7.3300000000000916,-4.0,0.0
7.345000000000091,-4.0,0.0
7.360000000000091,-4.0,0.0
7.375000000000091,-4.0,0.0
7.39000000000009,-4.0,0.0
7.40500000000009,-4.0,0.0
7.42000000000009,-4.0,0.0
7.435000000000089,-4.0,0.0
7.450000000000089,-4.0,0.0
7.465000000000089,-4.0,0.0
7.480000000000088,-4.0,0.0
7.495000000000088,-4.0,0.0
7.510000000000088,-4.0,0.0
7.525000000000087,-4.0,0.0
7.540000000000087,-4.0,0.0
7.555000000000087,-4.0,0.0
7.570000000000086,-4.0,0.0
7.585000000000086,-4.0,0.0
7.600000000000086,-4.0,0.0
7.6150000000000855,-4.0,0.0
7.630000000000085,-4.0,0.0
7.645000000000085,-4.0,0.0
7.6600000000000845,-4.0,0.0
7.675000000000084,-4.0,0.0
7.690000000000084,-4.0,0.0
7.705000000000084,-4.0,0.0
7.720000000000083,-4.0,0.0
7.735000000000083,-4.0,0.0
7.750000000000083,-4.0,0.0
7.765000000000082,-4.0,0.0
7.780000000000082,-4.0,0.0
7.795000000000082,-4.0,0.0
7.810000000000081,-4.0,0.0
7.825000000000081,-4.0,0.0
7.840000000000081,-4.0,0.0
7.85500000000008,-4.0,0.0
7.87000000000008,-4.0,0.0
7.88500000000008,-4.0,0.0
7.900000000000079,-4.0,0.0
7.915000000000079,-4.0,0.0
7.930000000000079,-4.0,0.0
7.945000000000078,-4.0,0.0
7.960000000000078,-4.0,0.0
7.975000000000078,-4.0,0.0
7.9900000000000775,-4.0,0.0
8.005000000000077,-4.0,0.0
8.020000000000078,-4.0,0.0
8.035000000000078,-4.0,0.0
8.050000000000079,-4.0,0.0
8.06500000000008,-4.0,0.0
8.08000000000008,-4.0,0.0
8.09500000000008,-4.0,0.0
8.110000000000081,-4.0,0.0
8.125000000000082,-4.0,0.0
8.140000000000082,-4.0,0.0
8.155000000000083,-4.0,0.0
8.170000000000083,-4.0,0.0
8.185000000000084,-4.0,0.0
8.200000000000085,-4.0,0.0
8.215000000000085,-4.0,0.0
8.230000000000086,-4.0,0.0
8.245000000000086,-4.0,0.0
8.260000000000087,-4.0,0.0
8.275000000000087,-4.0,0.0
8.290000000000088,-4.0,0.0
8.305000000000089,-4.0,0.0
8.320000000000089,-4.0,0.0
8.33500000000009,-4.0,0.0
8.35000000000009,-4.0,0.0
8.36500000000009,-4.0,0.0
8.380000000000091,-4.0,0.0
8.395000000000092,-4.0,0.0
8.410000000000093,-4.0,0.0
8.425000000000093,-4.0,0.0
8.440000000000094,-4.0,0.0
8.455000000000094,-4.0,0.0
8.470000000000095,-4.0,0.0
8.485000000000095,-4.0,0.0
8.500000000000096,-4.0,0.0
8.515000000000096,-4.0,0.0
8.530000000000097,-4.0,0.0
8.545000000000098,-4.0,0.0
8.560000000000098,-4.0,0.0
8.575000000000099,-4.0,0.0
8.5900000000001,-4.0,0.0
8.6050000000001,-4.0,0.0
8.6200000000001,-4.0,0.0
8.635000000000101,-4.0,0.0
8.650000000000102,-4.0,0.0
8.665000000000102,-4.0,0.0
8.680000000000103,-4.0,0.0
8.695000000000103,-4.0,0.0
8.710000000000104,-4.0,0.0
8.725000000000104,-4.0,0.0
8.740000000000105,-4.0,0.0
8.755000000000106,-4.0,0.0
8.770000000000106,-4.0,0.0
8.785000000000107,-4.0,0.0
8.800000000000107,-4.0,0.0
8.815000000000108,-4.0,0.0
8.830000000000108,-4.0,0.0
8.845000000000109,-4.0,0.0
8.86000000000011,-4.0,0.0
8.87500000000011,-4.0,0.0
8.89000000000011,-4.0,0.0
8.905000000000111,-4.0,0.0
8.920000000000112,-4.0,0.0
8.935000000000112,-4.0,0.0
8.950000000000113,-4.0,0.0
8.965000000000114,-4.0,0.0
8.980000000000114,-4.0,0.0
8.995000000000115,-4.0,0.0
9.010000000000115,-4.0,0.0
9.025000000000116,-4.0,0.0
9.040000000000116,-4.0,0.0
9.055000000000117,-4.0,0.0
9.070000000000118,-4.0,0.0
9.085000000000118,-4.0,0.0
9.100000000000119,-4.0,0.0
9.11500000000012,-4.0,0.0
9.13000000000012,-4.0,0.0
9.14500000000012,-4.0,0.0
9.160000000000121,-4.0,0.0
9.175000000000122,-4.0,0.0
9.190000000000122,-4.0,0.0
9.205000000000123,-4.0,0.0
9.220000000000123,-4.0,0.0
9.235000000000124,-4.0,0.0
9.250000000000124,-4.0,0.0
9.265000000000125,-4.0,0.0
9.280000000000125,-4.0,0.0
9.295000000000126,-4.0,0.0
9.310000000000127,-4.0,0.0
9.325000000000127,-4.0,0.0
9.340000000000128,-4.0,0.0
9.355000000000128,-4.0,0.0
9.370000000000129,-4.0,0.0
9.38500000000013,-4.0,0.0
9.40000000000013,-4.0,0.0
9.41500000000013,-4.0,0.0
9.430000000000131,-4.0,0.0
9.445000000000132,-4.0,0.0
9.460000000000132,-4.0,0.0
9.475000000000133,-4.0,0.0
9.490000000000133,-4.0,0.0
9.505000000000134,-4.0,0.0
9.520000000000135,-4.0,0.0
9.535000000000135,-4.0,0.0
9.550000000000136,-4.0,0.0
9.565000000000136,-4.0,0.0
9.580000000000137,-4.0,0.0
9.595000000000137,-4.0,0.0
9.610000000000138,-4.0,0.0
9.625000000000139,-4.0,0.0
9.64000000000014,-4.0,0.0
9.65500000000014,-4.0,0.0
9.67000000000014,-4.0,0.0
9.68500000000014,-4.0,0.0
9.700000000000141,-4.0,0.0
9.715000000000142,-4.0,0.0
9.730000000000143,-4.0,0.0
9.745000000000143,-4.0,0.0
9.760000000000144,-4.0,0.0
9.775000000000144,-4.0,0.0
9.790000000000145,-4.0,0.0
9.805000000000145,-4.0,0.0
9.820000000000146,-4.0,0.0
9.835000000000147,-4.0,0.0
9.850000000000147,-4.0,0.0
9.865000000000148,-4.0,0.0
9.880000000000148,-4.0,0.0
9.895000000000149,-4.0,0.0
9.91000000000015,-4.0,0.0
9.92500000000015,-4.0,0.0
9.94000000000015,-4.0,0.0
9.955000000000151,-4.0,0.0
9.970000000000152,-4.0,0.0
9.985000000000152,-4.0,0.0
10.000000000000153,-4.0,0.0
10.015000000000153,-4.0,0.0
10.030000000000154,-4.0,0.0
10.045000000000154,-4.0,0.0
10.060000000000155,-4.0,0.0
10.075000000000156,-4.0,0.0
10.090000000000156,-4.0,0.0
10.105000000000157,-4.0,0.0
10.120000000000157,-4.0,0.0
10.135000000000158,-4.0,0.0
10.150000000000158,-4.0,0.0
10.165000000000159,-4.0,0.0
10.18000000000016,-4.0,0.0
10.19500000000016,-4.0,0.0
10.21000000000016,-4.0,0.0
10.225000000000161,-4.0,0.0
10.240000000000162,-4.0,0.0
10.255000000000162,-4.0,0.0
10.270000000000163,-4.0,0.0
10.285000000000164,-4.0,0.0
10.300000000000164,-4.0,0.0
10.315000000000165,-4.0,0.0
10.330000000000165,-4.0,0.0
10.345000000000166,-4.0,0.0
10.360000000000166,-4.0,0.0
10.375000000000167,-4.0,0.0
10.390000000000168,-4.0,0.0
10.405000000000168,-4.0,0.0
10.420000000000169,-4.0,0.0
10.43500000000017,-4.0,0.0
10.45000000000017,-4.0,0.0
10.46500000000017,-4.0,0.0
10.480000000000171,-4.0,0.0
10.495000000000172,-4.0,0.0
10.510000000000172,-4.0,0.0
10.525000000000173,-4.0,0.0
10.540000000000173,-4.0,0.0
10.555000000000174,-4.0,0.0
10.570000000000174,-4.0,0.0
10.585000000000175,-4.0,0.0
10.600000000000176,-4.0,0.0
10.615000000000176,-4.0,0.0
10.630000000000177,-4.0,0.0
10.645000000000177,-4.0,0.0
10.660000000000178,-4.0,0.0
10.675000000000178,-4.0,0.0
10.690000000000179,-4.0,0.0
10.70500000000018,-4.0,0.0
10.72000000000018,-4.0,0.0
10.73500000000018,-4.0,0.0
10.750000000000181,-4.0,0.0
10.765000000000182,-4.0,0.0
10.780000000000182,-4.0,0.0
10.795000000000183,-4.0,0.0
10.810000000000183,-4.0,0.0
10.825000000000184,-4.0,0.0
10.840000000000185,-4.0,0.0
10.855000000000185,-4.0,0.0
10.870000000000186,-4.0,0.0
10.885000000000186,-4.0,0.0
10.900000000000187,-4.0,0.0
10.915000000000187,-4.0,0.0
10.930000000000188,-4.0,0.0
10.945000000000189,-4.0,0.0
10.96000000000019,-4.0,0.0
10.97500000000019,-4.0,0.0
10.99000000000019,-4.0,0.0
11.00500000000019,-4.0,0.0
11.020000000000191,-4.0,0.0
11.035000000000192,-4.0,0.0
11.050000000000193,-4.0,0.0
11.065000000000193,-4.0,0.0
11.080000000000194,-4.0,0.0
11.095000000000194,-4.0,0.0
11.110000000000195,-4.0,0.0
11.125000000000195,-4.0,0.0
11.140000000000196,-4.0,0.0
11.155000000000197,-4.0,0.0
11.170000000000197,-4.0,0.0
11.185000000000198,-4.0,0.0
11.200000000000198,-4.0,0.0
11.215000000000199,-4.0,0.0
11.2300000000002,-4.0,0.0
11.2450000000002,-4.0,0.0
11.2600000000002,-4.0,0.0
11.275000000000201,-4.0,0.0
11.290000000000202,-4.0,0.0
11.305000000000202,-4.0,0.0
11.320000000000203,-4.0,0.0
11.335000000000203,-4.0,0.0
11.350000000000204,-4.0,0.0
11.365000000000204,-4.0,0.0
11.380000000000205,-4.0,0.0
11.395000000000206,-4.0,0.0
11.410000000000206,-4.0,0.0
11.425000000000207,-4.0,0.0
11.440000000000207,-4.0,0.0
11.455000000000208,-4.0,0.0
11.470000000000208,-4.0,0.0
11.485000000000209,-4.0,0.0
11.50000000000021,-4.0,0.0
11.51500000000021,-4.0,0.0
11.53000000000021,-4.0,0.0
11.545000000000211,-4.0,0.0
11.560000000000212,-4.0,0.0
11.575000000000212,-4.0,0.0
11.590000000000213,-4.0,0.0
11.605000000000214,-4.0,0.0
11.620000000000214,-4.0,0.0
11.635000000000215,-4.0,0.0
11.650000000000215,-4.0,0.0
11.665000000000216,-4.0,0.0
11.680000000000216,-4.0,0.0
11.695000000000217,-4.0,0.0
11.710000000000218,-4.0,0.0
11.725000000000218,-4.0,0.0
11.740000000000219,-4.0,0.0
11.75500000000022,-4.0,0.0
11.77000000000022,-4.0,0.0
11.78500000000022,-4.0,0.0
11.800000000000221,-4.0,0.0
11.815000000000222,-4.0,0.0
11.830000000000222,-4.0,0.0
11.845000000000223,-4.0,0.0
11.860000000000223,-4.0,0.0
11.875000000000224,-4.0,0.0
11.890000000000224,-4.0,0.0
11.905000000000225,-4.0,0.0
11.920000000000226,-4.0,0.0
11.935000000000226,-4.0,0.0
11.950000000000227,-4.0,0.0
11.965000000000227,-4.0,0.0
11.980000000000228,-4.0,0.0
11.995000000000228,-4.0,0.0
12.010000000000229,-4.0,0.0
12.02500000000023,-4.0,0.0
12.04000000000023,-4.0,0.0
12.05500000000023,-4.0,0.0
12.070000000000231,-4.0,0.0
12.085000000000232,-4.0,0.0
12.100000000000232,-4.0,0.0
12.115000000000233,-4.0,0.0
12.130000000000233,-4.0,0.0
12.145000000000234,-4.0,0.0
12.160000000000235,-4.0,0.0
12.175000000000235,-4.0,0.0
12.190000000000236,-4.0,0.0
12.205000000000236,-4.0,0.0
12.220000000000237,-4.0,0.0
12.235000000000237,-4.0,0.0
12.250000000000238,-4.0,0.0
12.265000000000239,-4.0,0.0
12.28000000000024,-4.0,0.0
12.29500000000024,-4.0,0.0
12.31000000000024,-4.0,0.0
12.32500000000024,-4.0,0.0
12.340000000000241,-4.0,0.0
12.355000000000242,-4.0,0.0
12.370000000000243,-4.0,0.0
12.385000000000243,-4.0,0.0
12.400000000000244,-4.0,0.0
12.415000000000244,-4.0,0.0
12.430000000000245,-4.0,0.0
12.445000000000245,-4.0,0.0
12.460000000000246,-4.0,0.0
12.475000000000247,-4.0,0.0
12.490000000000247,-4.0,0.0
12.505000000000248,-4.0,0.0
12.520000000000248,-4.0,0.0
12.535000000000249,-4.0,0.0
12.55000000000025,-4.0,0.0
12.56500000000025,-4.0,0.0
12.58000000000025,-4.0,0.0
12.595000000000251,-4.0,0.0
12.610000000000252,-4.0,0.0
12.625000000000252,-4.0,0.0
12.640000000000253,-4.0,0.0
12.655000000000253,-4.0,0.0
12.670000000000254,-4.0,0.0
12.685000000000255,-4.0,0.0
12.700000000000255,-4.0,0.0
12.715000000000256,-4.0,0.0
12.730000000000256,-4.0,0.0
12.745000000000257,-4.0,0.0
12.760000000000257,-4.0,0.0
12.775000000000258,-4.0,0.0
12.790000000000258,-4.0,0.0
12.805000000000259,-4.0,0.0
12.82000000000026,-4.0,0.0
12.83500000000026,-4.0,0.0
12.85000000000026,-4.0,0.0
12.865000000000261,-4.0,0.0
12.880000000000262,-4.0,0.0
12.895000000000262,-4.0,0.0
12.910000000000263,-4.0,0.0
12.925000000000264,-4.0,0.0
12.940000000000264,-4.0,0.0
12.955000000000265,-4.0,0.0
12.970000000000265,-4.0,0.0
12.985000000000266,-4.0,0.0
13.000000000000266,-4.0,0.0
13.015000000000267,-4.0,0.0
13.030000000000268,-4.0,0.0
13.045000000000268,-4.0,0.0
13.060000000000269,-4.0,0.0
13.07500000000027,-4.0,0.0
13.09000000000027,-4.0,0.0
13.10500000000027,-4.0,0.0
13.120000000000271,-4.0,0.0
13.135000000000272,-4.0,0.0
13.150000000000272,-4.0,0.0
13.165000000000273,-4.0,0.0
13.180000000000273,-4.0,0.0
13.195000000000274,-4.0,0.0
13.210000000000274,-4.0,0.0
13.225000000000275,-4.0,0.0
13.240000000000276,-4.0,0.0
13.255000000000276,-4.0,0.0
13.270000000000277,-4.0,0.0
13.285000000000277,-4.0,0.0
13.300000000000278,-4.0,0.0
13.315000000000278,-4.0,0.0
13.330000000000279,-4.0,0.0
13.34500000000028,-4.0,0.0
13.36000000000028,-4.0,0.0
13.37500000000028,-4.0,0.0
13.390000000000281,-4.0,0.0
13.405000000000282,-4.0,0.0
13.420000000000282,-4.0,0.0
13.435000000000283,-4.0,0.0
13.450000000000284,-4.0,0.0
13.465000000000284,-4.0,0.0
13.480000000000285,-4.0,0.0
13.495000000000285,-4.0,0.0
13.510000000000286,-4.0,0.0
13.525000000000286,-4.0,0.0
13.540000000000287,-4.0,0.0
13.555000000000287,-4.0,0.0
13.570000000000288,-4.0,0.0
13.585000000000289,-4.0,0.0
13.60000000000029,-4.0,0.0
13.61500000000029,-4.0,0.0
13.63000000000029,-4.0,0.0
13.645000000000291,-4.0,0.0
13.660000000000291,-4.0,0.0
13.675000000000292,-4.0,0.0
13.690000000000293,-4.0,0.0
13.705000000000293,-4.0,0.0
13.720000000000294,-4.0,0.0
13.735000000000294,-4.0,0.0
13.750000000000295,-4.0,0.0
13.765000000000295,-4.0,0.0
13.780000000000296,-4.0,0.0
13.795000000000297,-4.0,0.0
13.810000000000297,-4.0,0.0
13.825000000000298,-4.0,0.0
13.840000000000298,-4.0,0.0
13.855000000000299,-4.0,0.0
13.8700000000003,-4.0,0.0
13.8850000000003,-4.0,0.0
13.9000000000003,-4.0,0.0
13.915000000000301,-4.0,0.0
13.930000000000302,-4.0,0.0
13.945000000000302,-4.0,0.0
13.960000000000303,-4.0,0.0
13.975000000000303,-4.0,0.0
13.990000000000304,-4.0,0.0
14.005000000000305,-4.0,0.0
14.020000000000305,-4.0,0.0
14.035000000000306,-4.0,0.0
14.050000000000306,-4.0,0.0
14.065000000000307,-4.0,0.0
14.080000000000307,-4.0,0.0
14.095000000000308,-4.0,0.0
14.110000000000309,-4.0,0.0
14.125000000000309,-4.0,0.0
14.14000000000031,-4.0,0.0
14.15500000000031,-4.0,0.0
14.17000000000031,-4.0,0.0
14.185000000000311,-4.0,0.0
14.200000000000312,-4.0,0.0
14.215000000000312,-4.0,0.0
14.230000000000313,-4.0,0.0
14.245000000000314,-4.0,0.0
14.260000000000314,-4.0,0.0
14.275000000000315,-4.0,0.0
14.290000000000315,-4.0,0.0
14.305000000000316,-4.0,0.0
14.320000000000316,-4.0,0.0
14.335000000000317,-4.0,0.0
14.350000000000318,-4.0,0.0
14.365000000000318,-4.0,0.0
14.380000000000319,-4.0,0.0
14.39500000000032,-4.0,0.0
14.41000000000032,-4.0,0.0
14.42500000000032,-4.0,0.0
14.440000000000321,-4.0,0.0
14.455000000000322,-4.0,0.0
14.470000000000322,-4.0,0.0
14.485000000000323,-4.0,0.0
14.500000000000323,-4.0,0.0
14.515000000000324,-4.0,0.0
14.530000000000324,-4.0,0.0
14.545000000000325,-4.0,0.0
14.560000000000326,-4.0,0.0
14.575000000000326,-4.0,0.0
14.590000000000327,-4.0,0.0
14.605000000000327,-4.0,0.0
14.620000000000328,-4.0,0.0
14.635000000000328,-4.0,0.0
14.650000000000329,-4.0,0.0
14.66500000000033,-4.0,0.0
14.68000000000033,-4.0,0.0
14.69500000000033,-4.0,0.0
14.710000000000331,-4.0,0.0
14.725000000000332,-4.0,0.0
14.740000000000332,-4.0,0.0
14.755000000000333,-4.0,0.0
14.770000000000334,-4.0,0.0
14.785000000000334,-4.0,0.0
14.800000000000335,-4.0,0.0
14.815000000000335,-4.0,0.0
14.830000000000336,-4.0,0.0
14.845000000000336,-4.0,0.0
14.860000000000337,-4.0,0.0
14.875000000000338,-4.0,0.0
14.890000000000338,-4.0,0.0
14.905000000000339,-4.0,0.0
14.92000000000034,-4.0,0.0
14.93500000000034,-4.0,0.0
14.95000000000034,-4.0,0.0
14.965000000000341,-4.0,0.0
14.980000000000341,-4.0,0.0
14.995000000000342,-4.0,0.0
15.010000000000343,-4.0,0.0
15.025000000000343,-4.0,0.0
15.040000000000344,-4.0,0.0
15.055000000000344,-4.0,0.0
15.070000000000345,-4.0,0.0
15.085000000000345,-4.0,0.0
15.100000000000346,-4.0,0.0
15.115000000000347,-4.0,0.0
15.130000000000347,-4.0,0.0
15.145000000000348,-4.0,0.0
15.160000000000348,-4.0,0.0
15.175000000000349,-4.0,0.0
15.19000000000035,-4.0,0.0
15.20500000000035,-4.0,0.0
15.22000000000035,-4.0,0.0
15.235000000000351,-4.0,0.0
15.250000000000352,-4.0,0.0
15.265000000000352,-4.0,0.0
15.280000000000353,-4.0,0.0
15.295000000000353,-4.0,0.0
15.310000000000354,-4.0,0.0
15.325000000000355,-4.0,0.0
15.340000000000355,-4.0,0.0
15.355000000000356,-4.0,0.0
15.370000000000356,-4.0,0.0
15.385000000000357,-4.0,0.0
15.400000000000357,-4.0,0.0
15.415000000000358,-4.0,0.0
15.430000000000359,-4.0,0.0
15.445000000000359,-4.0,0.0
15.46000000000036,-4.0,0.0
15.47500000000036,-4.0,0.0
15.49000000000036,-4.0,0.0
15.505000000000361,-4.0,0.0
15.520000000000362,-4.0,0.0
15.535000000000363,-4.0,0.0
15.550000000000363,-4.0,0.0
15.565000000000364,-4.0,0.0
15.580000000000364,-4.0,0.0
15.595000000000365,-4.0,0.0
15.610000000000365,-4.0,0.0
15.625000000000366,-4.0,0.0
15.640000000000366,-4.0,0.0
15.655000000000367,-4.0,0.0
15.670000000000368,-4.0,0.0
15.685000000000368,-4.0,0.0
15.700000000000369,-4.0,0.0
15.71500000000037,-4.0,0.0
15.73000000000037,-4.0,0.0
15.74500000000037,-4.0,0.0
15.760000000000371,-4.0,0.0
15.775000000000372,-4.0,0.0
15.790000000000372,-4.0,0.0
15.805000000000373,-4.0,0.0
15.820000000000373,-4.0,0.0
15.835000000000374,-4.0,0.0
15.850000000000374,-4.0,0.0
15.865000000000375,-4.0,0.0
15.880000000000376,-4.0,0.0
15.895000000000376,-4.0,0.0
15.910000000000377,-4.0,0.0
15.925000000000377,-4.0,0.0
15.940000000000378,-4.0,0.0
15.955000000000378,-4.0,0.0
15.970000000000379,-4.0,0.0
15.98500000000038,-4.0,0.0
16.00000000000038,-4.0,0.0
16.01500000000038,-4.0,0.0
16.03000000000038,-4.0,0.0
16.045000000000382,-4.0,0.0
16.060000000000382,-4.0,0.0
16.075000000000383,-4.0,0.0
16.090000000000384,-4.0,0.0
16.105000000000384,-4.0,0.0
16.120000000000385,-4.0,0.0
16.135000000000385,-4.0,0.0
16.150000000000386,-4.0,0.0
16.165000000000386,-4.0,0.0
16.180000000000387,-4.0,0.0
16.195000000000388,-4.0,0.0
16.210000000000388,-4.0,0.0
16.22500000000039,-4.0,0.0
16.24000000000039,-4.0,0.0
16.25500000000039,-4.0,0.0
16.27000000000039,-4.0,0.0
16.28500000000039,-4.0,0.0
16.30000000000039,-4.0,0.0
16.315000000000392,-4.0,0.0
16.330000000000393,-4.0,0.0
16.345000000000393,-4.0,0.0
16.360000000000394,-4.0,0.0
16.375000000000394,-4.0,0.0
16.390000000000395,-4.0,0.0
16.405000000000395,-4.0,0.0
16.420000000000396,-4.0,0.0
16.435000000000397,-4.0,0.0
16.450000000000397,-4.0,0.0
16.465000000000398,-4.0,0.0
16.4800000000004,-4.0,0.0
16.4950000000004,-4.0,0.0
16.5100000000004,-4.0,0.0
16.5250000000004,-4.0,0.0
16.5400000000004,-4.0,0.0
16.5550000000004,-4.0,0.0
16.5700000000004,-4.0,0.0
16.585000000000402,-4.0,0.0
16.600000000000403,-4.0,0.0
16.615000000000403,-4.0,0.0
16.630000000000404,-4.0,0.0
16.645000000000405,-4.0,0.0
16.660000000000405,-4.0,0.0
16.675000000000406,-4.0,0.0
16.690000000000406,-4.0,0.0
16.705000000000407,-4.0,0.0
16.720000000000407,-4.0,0.0
16.735000000000408,-4.0,0.0
16.75000000000041,-4.0,0.0
16.76500000000041,-4.0,0.0
16.78000000000041,-4.0,0.0
16.79500000000041,-4.0,0.0
16.81000000000041,-4.0,0.0
16.82500000000041,-4.0,0.0
16.840000000000412,-4.0,0.0
16.855000000000413,-4.0,0.0
16.870000000000413,-4.0,0.0
16.885000000000414,-4.0,0.0
16.900000000000414,-4.0,0.0
16.915000000000415,-4.0,0.0
16.930000000000415,-4.0,0.0
16.945000000000416,-4.0,0.0
16.960000000000417,-4.0,0.0
16.975000000000417,-4.0,0.0
16.990000000000418,-4.0,0.0
17.00500000000042,-4.0,0.0
17.02000000000042,-4.0,0.0
17.03500000000042,-4.0,0.0
17.05000000000042,-4.0,0.0
17.06500000000042,-4.0,0.0
17.08000000000042,-4.0,0.0
17.09500000000042,-4.0,0.0
17.110000000000422,-4.0,0.0
17.125000000000423,-4.0,0.0
17.140000000000423,-4.0,0.0
17.155000000000424,-4.0,0.0
17.170000000000424,-4.0,0.0
17.185000000000425,-4.0,0.0
17.200000000000426,-4.0,0.0
17.215000000000426,-4.0,0.0
17.230000000000427,-4.0,0.0
17.245000000000427,-4.0,0.0
17.260000000000428,-4.0,0.0
17.27500000000043,-4.0,0.0
17.29000000000043,-4.0,0.0
17.30500000000043,-4.0,0.0
17.32000000000043,-4.0,0.0
17.33500000000043,-4.0,0.0
17.35000000000043,-4.0,0.0
17.365000000000432,-4.0,0.0
17.380000000000432,-4.0,0.0
17.395000000000433,-4.0,0.0
17.410000000000434,-4.0,0.0
17.425000000000434,-4.0,0.0
17.440000000000435,-4.0,0.0
17.455000000000435,-4.0,0.0
17.470000000000436,-4.0,0.0
17.485000000000436,-4.0,0.0
17.500000000000437,-4.0,0.0
17.515000000000438,-4.0,0.0
17.530000000000438,-4.0,0.0
17.54500000000044,-4.0,0.0
17.56000000000044,-4.0,0.0
17.57500000000044,-4.0,0.0
17.59000000000044,-4.0,0.0
17.60500000000044,-4.0,0.0
17.62000000000044,-4.0,0.0
17.635000000000442,-4.0,0.0
17.650000000000443,-4.0,0.0
17.665000000000443,-4.0,0.0
17.680000000000444,-4.0,0.0
17.695000000000444,-4.0,0.0
17.710000000000445,-4.0,0.0
17.725000000000446,-4.0,0.0
17.740000000000446,-4.0,0.0
17.755000000000447,-4.0,0.0
17.770000000000447,-4.0,0.0
17.785000000000448,-4.0,0.0
17.80000000000045,-4.0,0.0
17.81500000000045,-4.0,0.0
17.83000000000045,-4.0,0.0
17.84500000000045,-4.0,0.0
17.86000000000045,-4.0,0.0
17.87500000000045,-4.0,0.0
17.89000000000045,-4.0,0.0
17.905000000000452,-4.0,0.0
17.920000000000453,-4.0,0.0
17.935000000000453,-4.0,0.0
17.950000000000454,-4.0,0.0
17.965000000000455,-4.0,0.0
17.980000000000455,-4.0,0.0
17.995000000000456,-4.0,0.0
18.010000000000456,-4.0,0.0
18.025000000000457,-4.0,0.0
18.040000000000457,-4.0,0.0
18.055000000000458,-4.0,0.0
18.07000000000046,-4.0,0.0
18.08500000000046,-4.0,0.0
18.10000000000046,-4.0,0.0
18.11500000000046,-4.0,0.0
18.13000000000046,-4.0,0.0
18.14500000000046,-4.0,0.0
18.160000000000462,-4.0,0.0
18.175000000000463,-4.0,0.0
18.190000000000463,-4.0,0.0
18.205000000000464,-4.0,0.0
18.220000000000464,-4.0,0.0
18.235000000000465,-4.0,0.0
18.250000000000465,-4.0,0.0
18.265000000000466,-4.0,0.0
18.280000000000467,-4.0,0.0
18.295000000000467,-4.0,0.0
18.310000000000468,-4.0,0.0
18.32500000000047,-4.0,0.0
18.34000000000047,-4.0,0.0
18.35500000000047,-4.0,0.0
18.37000000000047,-4.0,0.0
18.38500000000047,-4.0,0.0
18.40000000000047,-4.0,0.0
18.41500000000047,-4.0,0.0
18.430000000000472,-4.0,0.0
18.445000000000473,-4.0,0.0
18.460000000000473,-4.0,0.0
18.475000000000474,-4.0,0.0
18.490000000000475,-4.0,0.0
18.505000000000475,-4.0,0.0
18.520000000000476,-4.0,0.0
18.535000000000476,-4.0,0.0
18.550000000000477,-4.0,0.0
18.565000000000477,-4.0,0.0
18.580000000000478,-4.0,0.0
18.59500000000048,-4.0,0.0
18.61000000000048,-4.0,0.0
18.62500000000048,-4.0,0.0
18.64000000000048,-4.0,0.0
18.65500000000048,-4.0,0.0
18.67000000000048,-4.0,0.0
18.685000000000482,-4.0,0.0
18.700000000000482,-4.0,0.0
18.715000000000483,-4.0,0.0
18.730000000000484,-4.0,0.0
18.745000000000484,-4.0,0.0
18.760000000000485,-4.0,0.0
18.775000000000485,-4.0,0.0
18.790000000000486,-4.0,0.0
18.805000000000486,-4.0,0.0
18.820000000000487,-4.0,0.0
18.835000000000488,-4.0,0.0
18.850000000000488,-4.0,0.0
18.86500000000049,-4.0,0.0
18.88000000000049,-4.0,0.0
18.89500000000049,-4.0,0.0
18.91000000000049,-4.0,0.0
18.92500000000049,-4.0,0.0
18.94000000000049,-4.0,0.0
18.955000000000492,-4.0,0.0
18.970000000000493,-4.0,0.0
18.985000000000493,-4.0,0.0
19.000000000000494,-4.0,0.0
19.015000000000494,-4.0,0.0
19.030000000000495,-4.0,0.0
19.045000000000496,-4.0,0.0
19.060000000000496,-4.0,0.0
19.075000000000497,-4.0,0.0
19.090000000000497,-4.0,0.0
19.105000000000498,-4.0,0.0
19.1200000000005,-4.0,0.0
19.1350000000005,-4.0,0.0
19.1500000000005,-4.0,0.0
19.1650000000005,-4.0,0.0
19.1800000000005,-4.0,0.0
19.1950000000005,-4.0,0.0
19.210000000000502,-4.0,0.0
19.225000000000502,-4.0,0.0
19.240000000000503,-4.0,0.0
19.255000000000503,-4.0,0.0
19.270000000000504,-4.0,0.0
19.285000000000505,-4.0,0.0
19.300000000000505,-4.0,0.0
19.315000000000506,-4.0,0.0
19.330000000000506,-4.0,0.0
19.345000000000507,-4.0,0.0
19.360000000000507,-4.0,0.0
19.375000000000508,-4.0,0.0
19.39000000000051,-4.0,0.0
19.40500000000051,-4.0,0.0
19.42000000000051,-4.0,0.0
19.43500000000051,-4.0,0.0
19.45000000000051,-4.0,0.0
19.46500000000051,-4.0,0.0
19.480000000000512,-4.0,0.0
19.495000000000513,-4.0,0.0
19.510000000000513,-4.0,0.0
19.525000000000514,-4.0,0.0
19.540000000000514,-4.0,0.0
19.555000000000515,-4.0,0.0
19.570000000000515,-4.0,0.0
19.585000000000516,-4.0,0.0
19.600000000000517,-4.0,0.0
19.615000000000517,-4.0,0.0
19.630000000000518,-4.0,0.0
19.64500000000052,-4.0,0.0
19.66000000000052,-4.0,0.0
19.67500000000052,-4.0,0.0
19.69000000000052,-4.0,0.0
19.70500000000052,-4.0,0.0
19.72000000000052,-4.0,0.0
19.73500000000052,-4.0,0.0
19.750000000000522,-4.0,0.0
19.765000000000523,-4.0,0.0
19.780000000000523,-4.0,0.0
19.795000000000524,-4.0,0.0
19.810000000000525,-4.0,0.0
19.825000000000525,-4.0,0.0
19.840000000000526,-4.0,0.0
19.855000000000526,-4.0,0.0
19.870000000000527,-4.0,0.0
19.885000000000527,-4.0,0.0
19.900000000000528,-4.0,0.0
19.91500000000053,-4.0,0.0
19.93000000000053,-4.0,0.0
19.94500000000053,-4.0,0.0
19.96000000000053,-4.0,0.0
19.97500000000053,-4.0,0.0
19.99000000000053,-4.0,0.0
20.005000000000532,-4.0,0.0
20.020000000000532,-4.0,0.0
20.035000000000533,-4.0,0.0
20.050000000000534,-4.0,0.0
20.065000000000534,-4.0,0.0
20.080000000000535,-4.0,0.0
20.095000000000535,-4.0,0.0
20.110000000000536,-4.0,0.0
20.125000000000536,-4.0,0.0
20.140000000000537,-4.0,0.0
20.155000000000538,-4.0,0.0
20.170000000000538,-4.0,0.0
20.18500000000054,-4.0,0.0
20.20000000000054,-4.0,0.0
20.21500000000054,-4.0,0.0
20.23000000000054,-4.0,0.0
20.24500000000054,-4.0,0.0
20.26000000000054,-4.0,0.0
20.275000000000542,-4.0,0.0
20.290000000000543,-4.0,0.0
20.305000000000543,-4.0,0.0
20.320000000000544,-4.0,0.0
20.335000000000544,-4.0,0.0
20.350000000000545,-4.0,0.0
20.365000000000546,-4.0,0.0
20.380000000000546,-4.0,0.0
20.395000000000547,-4.0,0.0
20.410000000000547,-4.0,0.0
20.425000000000548,-4.0,0.0
20.44000000000055,-4.0,0.0
20.45500000000055,-4.0,0.0
20.47000000000055,-4.0,0.0
20.48500000000055,-4.0,0.0
20.50000000000055,-4.0,0.0
20.51500000000055,-4.0,0.0
20.530000000000552,-4.0,0.0
20.545000000000552,-4.0,0.0
20.560000000000553,-4.0,0.0
20.575000000000554,-4.0,0.0
20.590000000000554,-4.0,0.0
20.605000000000555,-4.0,0.0
20.620000000000555,-4.0,0.0
20.635000000000556,-4.0,0.0
20.650000000000556,-4.0,0.0
20.665000000000557,-4.0,0.0
20.680000000000557,-4.0,0.0
20.695000000000558,-4.0,0.0
20.71000000000056,-4.0,0.0
20.72500000000056,-4.0,0.0
20.74000000000056,-4.0,0.0
20.75500000000056,-4.0,0.0
20.77000000000056,-4.0,0.0
20.78500000000056,-4.0,0.0
20.800000000000562,-4.0,0.0
20.815000000000563,-4.0,0.0
20.830000000000563,-4.0,0.0
20.845000000000564,-4.0,0.0
20.860000000000564,-4.0,0.0
20.875000000000565,-4.0,0.0
20.890000000000565,-4.0,0.0
20.905000000000566,-4.0,0.0
20.920000000000567,-4.0,0.0
20.935000000000567,-4.0,0.0
20.950000000000568,-4.0,0.0
20.96500000000057,-4.0,0.0
20.98000000000057,-4.0,0.0
20.99500000000057,-4.0,0.0
21.01000000000057,-4.0,0.0
21.02500000000057,-4.0,0.0
21.04000000000057,-4.0,0.0
21.05500000000057,-4.0,0.0
21.070000000000572,-4.0,0.0
21.085000000000573,-4.0,0.0
21.100000000000573,-4.0,0.0
21.115000000000574,-4.0,0.0
21.130000000000575,-4.0,0.0
21.145000000000575,-4.0,0.0
21.160000000000576,-4.0,0.0
21.175000000000576,-4.0,0.0
21.190000000000577,-4.0,0.0
21.205000000000577,-4.0,0.0
21.220000000000578,-4.0,0.0
21.23500000000058,-4.0,0.0
21.25000000000058,-4.0,0.0
21.26500000000058,-4.0,0.0
21.28000000000058,-4.0,0.0
21.29500000000058,-4.0,0.0
21.31000000000058,-4.0,0.0
21.325000000000582,-4.0,0.0
21.340000000000583,-4.0,0.0
21.355000000000583,-4.0,0.0
21.370000000000584,-4.0,0.0
21.385000000000584,-4.0,0.0
21.400000000000585,-4.0,0.0
21.415000000000585,-4.0,0.0
21.430000000000586,-4.0,0.0
21.445000000000586,-4.0,0.0
21.460000000000587,-4.0,0.0
21.475000000000588,-4.0,0.0
21.490000000000588,-4.0,0.0
21.50500000000059,-4.0,0.0
21.52000000000059,-4.0,0.0
21.53500000000059,-4.0,0.0
21.55000000000059,-4.0,0.0
21.56500000000059,-4.0,0.0
21.58000000000059,-4.0,0.0
21.595000000000592,-4.0,0.0
21.610000000000593,-4.0,0.0
21.625000000000593,-4.0,0.0
21.640000000000594,-4.0,0.0
21.655000000000594,-4.0,0.0
21.670000000000595,-4.0,0.0
21.685000000000596,-4.0,0.0
21.700000000000596,-4.0,0.0
21.715000000000597,-4.0,0.0
21.730000000000597,-4.0,0.0
21.745000000000598,-4.0,0.0
21.7600000000006,-4.0,0.0
21.7750000000006,-4.0,0.0
21.7900000000006,-4.0,0.0
21.8050000000006,-4.0,0.0
21.8200000000006,-4.0,0.0
21.8350000000006,-4.0,0.0
21.850000000000602,-4.0,0.0
21.865000000000602,-4.0,0.0
21.880000000000603,-4.0,0.0
21.895000000000604,-4.0,0.0
21.910000000000604,-4.0,0.0
21.925000000000605,-4.0,0.0
21.940000000000605,-4.0,0.0
21.955000000000606,-4.0,0.0
21.970000000000606,-4.0,0.0
21.985000000000607,-4.0,0.0
22.000000000000608,-4.0,0.0
22.015000000000608,-4.0,0.0
22.03000000000061,-4.0,0.0
22.04500000000061,-4.0,0.0
22.06000000000061,-4.0,0.0
22.07500000000061,-4.0,0.0
22.09000000000061,-4.0,0.0
22.10500000000061,-4.0,0.0
22.120000000000612,-4.0,0.0
22.135000000000613,-4.0,0.0
22.150000000000613,-4.0,0.0
22.165000000000614,-4.0,0.0
22.180000000000614,-4.0,0.0
22.195000000000615,-4.0,0.0
22.210000000000615,-4.0,0.0
22.225000000000616,-4.0,0.0
22.240000000000617,-4.0,0.0
22.255000000000617,-4.0,0.0
22.270000000000618,-4.0,0.0
22.28500000000062,-4.0,0.0
22.30000000000062,-4.0,0.0
22.31500000000062,-4.0,0.0
22.33000000000062,-4.0,0.0
22.34500000000062,-4.0,0.0
22.36000000000062,-4.0,0.0
22.37500000000062,-4.0,0.0
22.390000000000622,-4.0,0.0
22.405000000000623,-4.0,0.0
22.420000000000623,-4.0,0.0
22.435000000000624,-4.0,0.0
22.450000000000625,-4.0,0.0
22.465000000000625,-4.0,0.0
22.480000000000626,-4.0,0.0
22.495000000000626,-4.0,0.0
22.510000000000627,-4.0,0.0
22.525000000000627,-4.0,0.0
22.540000000000628,-4.0,0.0
22.55500000000063,-4.0,0.0
22.57000000000063,-4.0,0.0
22.58500000000063,-4.0,0.0
22.60000000000063,-4.0,0.0
22.61500000000063,-4.0,0.0
22.63000000000063,-4.0,0.0
22.645000000000632,-4.0,0.0
22.660000000000633,-4.0,0.0
22.675000000000633,-4.0,0.0
22.690000000000634,-4.0,0.0
22.705000000000634,-4.0,0.0
22.720000000000635,-4.0,0.0
22.735000000000635,-4.0,0.0
22.750000000000636,-4.0,0.0
22.765000000000637,-4.0,0.0
22.780000000000637,-4.0,0.0
22.795000000000638,-4.0,0.0
22.810000000000638,-4.0,0.0
22.82500000000064,-4.0,0.0
22.84000000000064,-4.0,0.0
22.85500000000064,-4.0,0.0
22.87000000000064,-4.0,0.0
22.88500000000064,-4.0,0.0
22.90000000000064,-4.0,0.0
22.915000000000642,-4.0,0.0
22.930000000000643,-4.0,0.0
22.945000000000643,-4.0,0.0
22.960000000000644,-4.0,0.0
22.975000000000644,-4.0,0.0
22.990000000000645,-4.0,0.0
23.005000000000646,-4.0,0.0
23.020000000000646,-4.0,0.0
23.035000000000647,-4.0,0.0
23.050000000000647,-4.0,0.0
23.065000000000648,-4.0,0.0
23.08000000000065,-4.0,0.0
23.09500000000065,-4.0,0.0
23.11000000000065,-4.0,0.0
23.12500000000065,-4.0,0.0
23.14000000000065,-4.0,0.0
23.15500000000065,-4.0,0.0
23.170000000000652,-4.0,0.0
23.185000000000652,-4.0,0.0
23.200000000000653,-4.0,0.0
23.215000000000654,-4.0,0.0
23.230000000000654,-4.0,0.0
23.245000000000655,-4.0,0.0
23.260000000000655,-4.0,0.0
23.275000000000656,-4.0,0.0
23.290000000000656,-4.0,0.0
23.305000000000657,-4.0,0.0
23.320000000000658,-4.0,0.0
23.335000000000658,-4.0,0.0
23.35000000000066,-4.0,0.0
23.36500000000066,-4.0,0.0
23.38000000000066,-4.0,0.0
23.39500000000066,-4.0,0.0
23.41000000000066,-4.0,0.0
23.42500000000066,-4.0,0.0
23.440000000000662,-4.0,0.0
23.455000000000663,-4.0,0.0
23.470000000000663,-4.0,0.0
23.485000000000664,-4.0,0.0
23.500000000000664,-4.0,0.0
23.515000000000665,-4.0,0.0
23.530000000000665,-4.0,0.0
23.545000000000666,-4.0,0.0
23.560000000000667,-4.0,0.0
23.575000000000667,-4.0,0.0
23.590000000000668,-4.0,0.0
23.60500000000067,-4.0,0.0
23.62000000000067,-4.0,0.0
23.63500000000067,-4.0,0.0
23.65000000000067,-4.0,0.0
23.66500000000067,-4.0,0.0
23.68000000000067,-4.0,0.0
23.69500000000067,-4.0,0.0
23.710000000000672,-4.0,0.0
23.725000000000673,-4.0,0.0
23.740000000000673,-4.0,0.0
23.755000000000674,-4.0,0.0
23.770000000000675,-4.0,0.0
23.785000000000675,-4.0,0.0
23.800000000000676,-4.0,0.0
23.815000000000676,-4.0,0.0
23.830000000000677,-4.0,0.0
23.845000000000677,-4.0,0.0
23.860000000000678,-4.0,0.0
23.87500000000068,-4.0,0.0
23.89000000000068,-4.0,0.0
23.90500000000068,-4.0,0.0
23.92000000000068,-4.0,0.0
23.93500000000068,-4.0,0.0
23.95000000000068,-4.0,0.0
23.965000000000682,-4.0,0.0
23.980000000000683,-4.0,0.0
23.995000000000683,-4.0,0.0
24.010000000000684,-4.0,0.0
24.025000000000684,-4.0,0.0
24.040000000000685,-4.0,0.0
24.055000000000685,-4.0,0.0
24.070000000000686,-4.0,0.0
24.085000000000687,-4.0,0.0
24.100000000000687,-4.0,0.0
24.115000000000688,-4.0,0.0
24.13000000000069,-4.0,0.0
24.14500000000069,-4.0,0.0
24.16000000000069,-4.0,0.0
24.17500000000069,-4.0,0.0
24.19000000000069,-4.0,0.0
24.20500000000069,-4.0,0.0
24.22000000000069,-4.0,0.0
24.235000000000692,-4.0,0.0
24.250000000000693,-4.0,0.0
24.265000000000693,-4.0,0.0
24.280000000000694,-4.0,0.0
24.295000000000694,-4.0,0.0
24.310000000000695,-4.0,0.0
24.325000000000696,-4.0,0.0
24.340000000000696,-4.0,0.0
24.355000000000697,-4.0,0.0
24.370000000000697,-4.0,0.0
24.385000000000698,-4.0,0.0
24.4000000000007,-4.0,0.0
24.4150000000007,-4.0,0.0
24.4300000000007,-4.0,0.0
24.4450000000007,-4.0,0.0
24.4600000000007,-4.0,0.0
24.4750000000007,-4.0,0.0
24.490000000000702,-4.0,0.0
24.505000000000702,-4.0,0.0
24.520000000000703,-4.0,0.0
24.535000000000704,-4.0,0.0
24.550000000000704,-4.0,0.0
24.565000000000705,-4.0,0.0
24.580000000000705,-4.0,0.0
24.595000000000706,-4.0,0.0
24.610000000000706,-4.0,0.0
24.625000000000707,-4.0,0.0
24.640000000000708,-4.0,0.0
24.655000000000708,-4.0,0.0
24.67000000000071,-4.0,0.0
24.68500000000071,-4.0,0.0
24.70000000000071,-4.0,0.0
24.71500000000071,-4.0,0.0
24.73000000000071,-4.0,0.0
24.74500000000071,-4.0,0.0
24.760000000000712,-4.0,0.0
24.775000000000713,-4.0,0.0
24.790000000000713,-4.0,0.0
24.805000000000714,-4.0,0.0
24.820000000000714,-4.0,0.0
24.835000000000715,-4.0,0.0
24.850000000000716,-4.0,0.0
24.865000000000716,-4.0,0.0
24.880000000000717,-4.0,0.0
24.895000000000717,-4.0,0.0
24.910000000000718,-4.0,0.0
24.92500000000072,-4.0,0.0
24.94000000000072,-4.0,0.0
24.95500000000072,-4.0,0.0
24.97000000000072,-4.0,0.0
24.98500000000072,-4.0,0.0
25.00000000000072,-4.0,0.0
25.01500000000072,-4.0,0.0
25.030000000000722,-4.0,0.0
25.045000000000723,-4.0,0.0
25.060000000000723,-4.0,0.0
25.075000000000724,-4.0,0.0
25.090000000000725,-4.0,0.0
25.105000000000725,-4.0,0.0
25.120000000000726,-4.0,0.0
25.135000000000726,-4.0,0.0
25.150000000000727,-4.0,0.0
25.165000000000727,-4.0,0.0
25.180000000000728,-4.0,0.0
25.19500000000073,-4.0,0.0
25.21000000000073,-4.0,0.0
25.22500000000073,-4.0,0.0
25.24000000000073,-4.0,0.0
25.25500000000073,-4.0,0.0
25.27000000000073,-4.0,0.0
25.285000000000732,-4.0,0.0
25.300000000000733,-4.0,0.0
25.315000000000733,-4.0,0.0
25.330000000000734,-4.0,0.0
25.345000000000734,-4.0,0.0
25.360000000000735,-4.0,0.0
25.375000000000735,-4.0,0.0
25.390000000000736,-4.0,0.0
25.405000000000737,-4.0,0.0
25.420000000000737,-4.0,0.0
25.435000000000738,-4.0,0.0
25.45000000000074,-4.0,0.0
25.46500000000074,-4.0,0.0
25.48000000000074,-4.0,0.0
25.49500000000074,-4.0,0.0
25.51000000000074,-4.0,0.0
25.52500000000074,-4.0,0.0
25.54000000000074,-4.0,0.0
25.555000000000742,-4.0,0.0
25.570000000000743,-4.0,0.0
25.585000000000743,-4.0,0.0
25.600000000000744,-4.0,0.0
25.615000000000745,-4.0,0.0
25.630000000000745,-4.0,0.0
25.645000000000746,-4.0,0.0
25.660000000000746,-4.0,0.0
25.675000000000747,-4.0,0.0
25.690000000000747,-4.0,0.0
25.705000000000748,-4.0,0.0
25.72000000000075,-4.0,0.0
25.73500000000075,-4.0,0.0
25.75000000000075,-4.0,0.0
25.76500000000075,-4.0,0.0
25.78000000000075,-4.0,0.0
25.79500000000075,-4.0,0.0
25.810000000000752,-4.0,0.0
25.825000000000752,-4.0,0.0
25.840000000000753,-4.0,0.0
25.855000000000754,-4.0,0.0
25.870000000000754,-4.0,0.0
25.885000000000755,-4.0,0.0
25.900000000000755,-4.0,0.0
25.915000000000756,-4.0,0.0
25.930000000000756,-4.0,0.0
25.945000000000757,-4.0,0.0
25.960000000000758,-4.0,0.0
25.975000000000758,-4.0,0.0
25.99000000000076,-4.0,0.0
26.00500000000076,-4.0,0.0
26.02000000000076,-4.0,0.0
26.03500000000076,-4.0,0.0
26.05000000000076,-4.0,0.0
26.06500000000076,-4.0,0.0
26.080000000000762,-4.0,0.0
26.095000000000763,-4.0,0.0
26.110000000000763,-4.0,0.0
26.125000000000764,-4.0,0.0
26.140000000000764,-4.0,0.0
26.155000000000765,-4.0,0.0
26.170000000000766,-4.0,0.0
26.185000000000766,-4.0,0.0
26.200000000000767,-4.0,0.0
26.215000000000767,-4.0,0.0
26.230000000000768,-4.0,0.0
26.24500000000077,-4.0,0.0
26.26000000000077,-4.0,0.0
26.27500000000077,-4.0,0.0
26.29000000000077,-4.0,0.0
26.30500000000077,-4.0,0.0
26.32000000000077,-4.0,0.0
26.335000000000772,-4.0,0.0
26.350000000000772,-4.0,0.0
26.365000000000773,-4.0,0.0
26.380000000000773,-4.0,0.0
26.395000000000774,-4.0,0.0
26.410000000000775,-4.0,0.0
26.425000000000775,-4.0,0.0
26.440000000000776,-4.0,0.0
26.455000000000776,-4.0,0.0
26.470000000000777,-4.0,0.0
26.485000000000777,-4.0,0.0
26.500000000000778,-4.0,0.0
26.51500000000078,-4.0,0.0
26.53000000000078,-4.0,0.0
26.54500000000078,-4.0,0.0
26.56000000000078,-4.0,0.0
26.57500000000078,-4.0,0.0
26.59000000000078,-4.0,0.0
26.605000000000782,-4.0,0.0
26.620000000000783,-4.0,0.0
26.635000000000783,-4.0,0.0
26.650000000000784,-4.0,0.0
26.665000000000784,-4.0,0.0
26.680000000000785,-4.0,0.0
26.695000000000785,-4.0,0.0
26.710000000000786,-4.0,0.0
26.725000000000787,-4.0,0.0
26.740000000000787,-4.0,0.0
26.755000000000788,-4.0,0.0
26.77000000000079,-4.0,0.0
26.78500000000079,-4.0,0.0
26.80000000000079,-4.0,0.0
26.81500000000079,-4.0,0.0
26.83000000000079,-4.0,0.0
26.84500000000079,-4.0,0.0
26.86000000000079,-4.0,0.0
26.875000000000792,-4.0,0.0
26.890000000000793,-4.0,0.0
26.905000000000793,-4.0,0.0
26.920000000000794,-4.0,0.0
26.935000000000795,-4.0,0.0
26.950000000000795,-4.0,0.0
26.965000000000796,-4.0,0.0
26.980000000000796,-4.0,0.0
26.995000000000797,-4.0,0.0
27.010000000000797,-4.0,0.0
27.025000000000798,-4.0,0.0
27.0400000000008,-4.0,0.0
27.0550000000008,-4.0,0.0
27.0700000000008,-4.0,0.0
27.0850000000008,-4.0,0.0
27.1000000000008,-4.0,0.0
27.1150000000008,-4.0,0.0
27.130000000000802,-4.0,0.0
27.145000000000802,-4.0,0.0
27.160000000000803,-4.0,0.0
27.175000000000804,-4.0,0.0
27.190000000000804,-4.0,0.0
27.205000000000805,-4.0,0.0
27.220000000000805,-4.0,0.0
27.235000000000806,-4.0,0.0
27.250000000000806,-4.0,0.0
27.265000000000807,-4.0,0.0
27.280000000000808,-4.0,0.0
27.295000000000808,-4.0,0.0
27.31000000000081,-4.0,0.0
27.32500000000081,-4.0,0.0
27.34000000000081,-4.0,0.0
27.35500000000081,-4.0,0.0
27.37000000000081,-4.0,0.0
27.38500000000081,-4.0,0.0
27.400000000000812,-4.0,0.0
27.415000000000813,-4.0,0.0
27.430000000000813,-4.0,0.0
27.445000000000814,-4.0,0.0
27.460000000000814,-4.0,0.0
27.475000000000815,-4.0,0.0
27.490000000000816,-4.0,0.0
27.505000000000816,-4.0,0.0
27.520000000000817,-4.0,0.0
27.535000000000817,-4.0,0.0
27.550000000000818,-4.0,0.0
27.56500000000082,-4.0,0.0
27.58000000000082,-4.0,0.0
27.59500000000082,-4.0,0.0
27.61000000000082,-4.0,0.0
27.62500000000082,-4.0,0.0
27.64000000000082,-4.0,0.0
27.655000000000822,-4.0,0.0
27.670000000000822,-4.0,0.0
27.685000000000823,-4.0,0.0
27.700000000000824,-4.0,0.0
27.715000000000824,-4.0,0.0
27.730000000000825,-4.0,0.0
27.745000000000825,-4.0,0.0
27.760000000000826,-4.0,0.0
27.775000000000826,-4.0,0.0
27.790000000000827,-4.0,0.0
27.805000000000827,-4.0,0.0
27.820000000000828,-4.0,0.0
27.83500000000083,-4.0,0.0
27.85000000000083,-4.0,0.0
27.86500000000083,-4.0,0.0
27.88000000000083,-4.0,0.0
27.89500000000083,-4.0,0.0
27.91000000000083,-4.0,0.0
27.925000000000832,-4.0,0.0
27.940000000000833,-4.0,0.0
27.955000000000833,-4.0,0.0
27.970000000000834,-4.0,0.0
27.985000000000834,-4.0,0.0
28.000000000000835,-4.0,0.0
28.015000000000835,-4.0,0.0
28.030000000000836,-4.0,0.0
28.045000000000837,-4.0,0.0
28.060000000000837,-4.0,0.0
28.075000000000838,-4.0,0.0
28.09000000000084,-4.0,0.0
28.10500000000084,-4.0,0.0
28.12000000000084,-4.0,0.0
28.13500000000084,-4.0,0.0
28.15000000000084,-4.0,0.0
28.16500000000084,-4.0,0.0
28.18000000000084,-4.0,0.0
28.195000000000842,-4.0,0.0
28.210000000000843,-4.0,0.0
28.225000000000843,-4.0,0.0
28.240000000000844,-4.0,0.0
28.255000000000845,-4.0,0.0
28.270000000000845,-4.0,0.0
28.285000000000846,-4.0,0.0
28.300000000000846,-4.0,0.0
28.315000000000847,-4.0,0.0
28.330000000000847,-4.0,0.0
28.345000000000848,-4.0,0.0
28.36000000000085,-4.0,0.0
28.37500000000085,-4.0,0.0
28.39000000000085,-4.0,0.0
28.40500000000085,-4.0,0.0
28.42000000000085,-4.0,0.0
28.43500000000085,-4.0,0.0
28.450000000000852,-4.0,0.0
28.465000000000853,-4.0,0.0
28.480000000000853,-4.0,0.0
28.495000000000854,-4.0,0.0
28.510000000000854,-4.0,0.0
28.525000000000855,-4.0,0.0
28.540000000000855,-4.0,0.0
28.555000000000856,-4.0,0.0
28.570000000000856,-4.0,0.0
28.585000000000857,-4.0,0.0
28.600000000000858,-4.0,0.0
28.615000000000858,-4.0,0.0
28.63000000000086,-4.0,0.0
28.64500000000086,-4.0,0.0
28.66000000000086,-4.0,0.0
28.67500000000086,-4.0,0.0
28.69000000000086,-4.0,0.0
28.70500000000086,-4.0,0.0
28.720000000000862,-4.0,0.0
28.735000000000863,-4.0,0.0
28.750000000000863,-4.0,0.0
28.765000000000864,-4.0,0.0
28.780000000000864,-4.0,0.0
28.795000000000865,-4.0,0.0
28.810000000000866,-4.0,0.0
28.825000000000866,-4.0,0.0
28.840000000000867,-4.0,0.0
28.855000000000867,-4.0,0.0
28.870000000000868,-4.0,0.0
28.88500000000087,-4.0,0.0
28.90000000000087,-4.0,0.0
28.91500000000087,-4.0,0.0
28.93000000000087,-4.0,0.0
28.94500000000087,-4.0,0.0
28.96000000000087,-4.0,0.0
28.975000000000872,-4.0,0.0
28.990000000000872,-4.0,0.0
29.005000000000873,-4.0,0.0
29.020000000000874,-4.0,0.0
29.035000000000874,-4.0,0.0
29.050000000000875,-4.0,0.0
29.065000000000875,-4.0,0.0
29.080000000000876,-4.0,0.0
29.095000000000876,-4.0,0.0
29.110000000000877,-4.0,0.0
29.125000000000878,-4.0,0.0
29.140000000000878,-4.0,0.0
29.15500000000088,-4.0,0.0
29.17000000000088,-4.0,0.0
29.18500000000088,-4.0,0.0
29.20000000000088,-4.0,0.0
29.21500000000088,-4.0,0.0
29.23000000000088,-4.0,0.0
29.245000000000882,-4.0,0.0
29.260000000000883,-4.0,0.0
29.275000000000883,-4.0,0.0
29.290000000000884,-4.0,0.0
29.305000000000884,-4.0,0.0
29.320000000000885,-4.0,0.0
29.335000000000885,-4.0,0.0
29.350000000000886,-4.0,0.0
29.365000000000887,-4.0,0.0
29.380000000000887,-4.0,0.0
29.395000000000888,-4.0,0.0
29.41000000000089,-4.0,0.0
29.42500000000089,-4.0,0.0
29.44000000000089,-4.0,0.0
29.45500000000089,-4.0,0.0
29.47000000000089,-4.0,0.0
29.48500000000089,-4.0,0.0
29.50000000000089,-4.0,0.0
29.515000000000892,-4.0,0.0
29.530000000000893,-4.0,0.0
29.545000000000893,-4.0,0.0
29.560000000000894,-4.0,0.0
29.575000000000895,-4.0,0.0
29.590000000000895,-4.0,0.0
29.605000000000896,-4.0,0.0
29.620000000000896,-4.0,0.0
29.635000000000897,-4.0,0.0
29.650000000000897,-4.0,0.0
29.665000000000898,-4.0,0.0
29.6800000000009,-4.0,0.0
29.6950000000009,-4.0,0.0
29.7100000000009,-4.0,0.0
29.7250000000009,-4.0,0.0
29.7400000000009,-4.0,0.0
29.7550000000009,-4.0,0.0
29.770000000000902,-4.0,0.0
29.785000000000903,-4.0,0.0
29.800000000000903,-4.0,0.0
29.815000000000904,-4.0,0.0
29.830000000000904,-4.0,0.0
29.845000000000905,-4.0,0.0
29.860000000000905,-4.0,0.0
29.875000000000906,-4.0,0.0
29.890000000000907,-4.0,0.0
29.905000000000907,-4.0,0.0
29.920000000000908,-4.0,0.0
29.935000000000908,-4.0,0.0
29.95000000000091,-4.0,0.0
29.96500000000091,-4.0,0.0
29.98000000000091,-4.0,0.0
29.99500000000091,-4.0,0.0
30.01000000000091,-4.0,0.0
30.02500000000091,-4.0,0.0
30.040000000000912,-4.0,0.0
30.055000000000913,-4.0,0.0
30.070000000000913,-4.0,0.0
30.085000000000914,-4.0,0.0
30.100000000000914,-4.0,0.0
30.115000000000915,-4.0,0.0
30.130000000000916,-4.0,0.0
30.145000000000916,-4.0,0.0
30.160000000000917,-4.0,0.0
30.175000000000917,-4.0,0.0
30.190000000000918,-4.0,0.0
30.20500000000092,-4.0,0.0
30.22000000000092,-4.0,0.0
30.23500000000092,-4.0,0.0
30.25000000000092,-4.0,0.0
30.26500000000092,-4.0,0.0
30.28000000000092,-4.0,0.0
30.295000000000922,-4.0,0.0
30.310000000000922,-4.0,0.0
30.325000000000923,-4.0,0.0
30.340000000000924,-4.0,0.0
30.355000000000924,-4.0,0.0
30.370000000000925,-4.0,0.0
30.385000000000925,-4.0,0.0
30.400000000000926,-4.0,0.0
30.415000000000926,-4.0,0.0
30.430000000000927,-4.0,0.0
30.445000000000928,-4.0,0.0
30.460000000000928,-4.0,0.0
30.47500000000093,-4.0,0.0
30.49000000000093,-4.0,0.0
30.50500000000093,-4.0,0.0
30.52000000000093,-4.0,0.0
30.53500000000093,-4.0,0.0
30.55000000000093,-4.0,0.0
30.565000000000932,-4.0,0.0
30.580000000000933,-4.0,0.0
30.595000000000933,-4.0,0.0
30.610000000000934,-4.0,0.0
30.625000000000934,-4.0,0.0
30.640000000000935,-4.0,0.0
30.655000000000936,-4.0,0.0
30.670000000000936,-4.0,0.0
30.685000000000937,-4.0,0.0
30.700000000000937,-4.0,0.0
30.715000000000938,-4.0,0.0
30.73000000000094,-4.0,0.0
30.74500000000094,-4.0,0.0
30.76000000000094,-4.0,0.0
30.77500000000094,-4.0,0.0
30.79000000000094,-4.0,0.0
30.80500000000094,-4.0,0.0
30.82000000000094,-4.0,0.0
30.835000000000942,-4.0,0.0
30.850000000000943,-4.0,0.0
30.865000000000943,-4.0,0.0
30.880000000000944,-4.0,0.0
30.895000000000945,-4.0,0.0
30.910000000000945,-4.0,0.0
30.925000000000946,-4.0,0.0
30.940000000000946,-4.0,0.0
30.955000000000947,-4.0,0.0
30.970000000000947,-4.0,0.0
30.985000000000948,-4.0,0.0
